initialization,sweeps,rank,layer,fit_rel_mse,heldout_rel_mse,mean_cg_iters,max_cg_iters,cg_cap_hit_fraction,cg_converged_count,cg_solve_count
activation_aware,0,64,0,0.021824624778622806,0.02185135437149745,0.0,0,0.0,0,0
activation_aware,0,64,1,0.0540585608950473,0.05690376771069176,0.0,0,0.0,0,0
activation_aware,0,64,2,0.06460058271493499,0.07201855044546887,0.0,0,0.0,0,0
activation_aware,0,64,3,0.06334972915455299,0.07037342525038964,0.0,0,0.0,0,0
activation_aware,0,64,4,0.08206397355545939,0.09822531885576173,0.0,0,0.0,0,0
activation_aware,0,64,5,0.08500811601235934,0.09216689357917303,0.0,0,0.0,0,0
activation_aware,0,64,6,0.12024195113449009,0.12735730273459894,0.0,0,0.0,0,0
activation_aware,0,64,7,0.14051672844943897,0.14820228184330198,0.0,0,0.0,0,0
activation_aware,0,64,8,0.16141497484870881,0.17443322119619442,0.0,0,0.0,0,0
activation_aware,0,64,9,0.16739968820609452,0.20096719076291544,0.0,0,0.0,0,0
activation_aware,0,64,10,0.1581630005424271,0.18445844008499304,0.0,0,0.0,0,0
activation_aware,0,64,11,0.14301332310053094,0.17515583647895677,0.0,0,0.0,0,0
activation_aware,0,64,12,0.10483974226152384,0.12721348994715803,0.0,0,0.0,0,0
activation_aware,0,64,13,0.12099012115929544,0.14397213602779252,0.0,0,0.0,0,0
activation_aware,0,64,14,0.1447252058570199,0.16782851938729373,0.0,0,0.0,0,0
activation_aware,0,64,15,0.1411586985851761,0.15961409963671805,0.0,0,0.0,0,0
activation_aware,0,64,16,0.1433884790655028,0.16863515876072815,0.0,0,0.0,0,0
activation_aware,0,64,17,0.09203011325702881,0.12072737673864205,0.0,0,0.0,0,0
activation_aware,0,64,18,0.12502978042424234,0.14927079894891648,0.0,0,0.0,0,0
activation_aware,0,64,19,0.09493348705427287,0.11176670626069111,0.0,0,0.0,0,0
activation_aware,0,64,20,0.13738828698771063,0.16153672559431564,0.0,0,0.0,0,0
activation_aware,0,64,21,0.15290550248215845,0.17210067661923273,0.0,0,0.0,0,0
activation_aware,0,64,22,0.13144651010479208,0.15136713583595876,0.0,0,0.0,0,0
activation_aware,0,64,23,0.14127075524773414,0.16254353628635834,0.0,0,0.0,0,0
activation_aware,0,64,24,0.09112233928849942,0.11695510878044174,0.0,0,0.0,0,0
activation_aware,0,64,25,0.1375420760395196,0.16029264698205245,0.0,0,0.0,0,0
activation_aware,0,64,26,0.1609515159565478,0.207732582357237,0.0,0,0.0,0,0
activation_aware,0,64,27,0.1452244205862054,0.18678053744536785,0.0,0,0.0,0,0
activation_aware,0,64,28,0.15475452312151655,0.1764193994644548,0.0,0,0.0,0,0
activation_aware,0,64,29,0.15563726670965766,0.2131596048271205,0.0,0,0.0,0,0
activation_aware,0,64,30,0.11664595623221974,0.15378922619680502,0.0,0,0.0,0,0
activation_aware,0,64,31,0.14626416796750003,0.2068642442260237,0.0,0,0.0,0,0
activation_aware,0,64,32,0.11554495247507834,0.1570981729558947,0.0,0,0.0,0,0
activation_aware,0,64,33,0.1306444957376172,0.20800965227897536,0.0,0,0.0,0,0
activation_aware,0,64,34,0.06482376089477661,0.09843165133522783,0.0,0,0.0,0,0
activation_aware,0,64,35,0.04903393159500886,0.06466170483751087,0.0,0,0.0,0,0
activation_aware,1,64,0,0.02104191677360837,0.021093036550234926,16.0,16,1.0,0,8
activation_aware,1,64,1,0.05242079088649203,0.05526597850128159,16.0,16,1.0,0,8
activation_aware,1,64,2,0.06301707100426257,0.07044907833227353,16.0,16,1.0,0,8
activation_aware,1,64,3,0.061804996518534695,0.06872723832303336,16.0,16,1.0,0,8
activation_aware,1,64,4,0.08018767163578722,0.09587689243550856,16.0,16,1.0,0,8
activation_aware,1,64,5,0.08247878670635075,0.08944886290749796,16.0,16,1.0,0,8
activation_aware,1,64,6,0.11705922288291769,0.12402199975447357,16.0,16,1.0,0,8
activation_aware,1,64,7,0.13660478488382713,0.14416995617633857,16.0,16,1.0,0,8
activation_aware,1,64,8,0.1588247136347971,0.17176962713072189,16.0,16,1.0,0,8
activation_aware,1,64,9,0.16401227310516428,0.19722512172869408,16.0,16,1.0,0,8
activation_aware,1,64,10,0.15559153787329827,0.18166534583000432,16.0,16,1.0,0,8
activation_aware,1,64,11,0.140326187382569,0.17198757629207329,16.0,16,1.0,0,8
activation_aware,1,64,12,0.10139490581826731,0.12322519780795332,16.0,16,1.0,0,8
activation_aware,1,64,13,0.11688839776694081,0.1393477377002547,16.0,16,1.0,0,8
activation_aware,1,64,14,0.14089997335189025,0.16366067217511757,16.0,16,1.0,0,8
activation_aware,1,64,15,0.13707628201116362,0.15511409904929926,16.0,16,1.0,0,8
activation_aware,1,64,16,0.14040285791848722,0.1652988809606356,16.0,16,1.0,0,8
activation_aware,1,64,17,0.08954108228037841,0.11753396583650541,16.0,16,1.0,0,8
activation_aware,1,64,18,0.12178377645384858,0.1456235332118432,16.0,16,1.0,0,8
activation_aware,1,64,19,0.08986989182823595,0.10612489334157332,16.0,16,1.0,0,8
activation_aware,1,64,20,0.13355929411381193,0.15708653723772503,16.0,16,1.0,0,8
activation_aware,1,64,21,0.1481108098955601,0.16684150322177926,16.0,16,1.0,0,8
activation_aware,1,64,22,0.12790213662598857,0.1475835075010649,16.0,16,1.0,0,8
activation_aware,1,64,23,0.1378939929652978,0.15874841607585685,16.0,16,1.0,0,8
activation_aware,1,64,24,0.08724383082866106,0.1122435157335719,16.0,16,1.0,0,8
activation_aware,1,64,25,0.1343041337584538,0.15664654290025526,16.0,16,1.0,0,8
activation_aware,1,64,26,0.15820657162509894,0.20444446644584718,16.0,16,1.0,0,8
activation_aware,1,64,27,0.14196390866263553,0.1828684662126322,16.0,16,1.0,0,8
activation_aware,1,64,28,0.15161078665864341,0.17299645917865142,16.0,16,1.0,0,8
activation_aware,1,64,29,0.1513700847284543,0.2080116004101524,16.0,16,1.0,0,8
activation_aware,1,64,30,0.11435836593883537,0.15055846462174252,16.0,16,1.0,0,8
activation_aware,1,64,31,0.14381080763527057,0.2037126323378984,16.0,16,1.0,0,8
activation_aware,1,64,32,0.11348634833986579,0.15459824479057546,16.0,16,1.0,0,8
activation_aware,1,64,33,0.12859635893549384,0.20533578248595286,16.0,16,1.0,0,8
activation_aware,1,64,34,0.06331438088784608,0.09630775659289331,16.0,16,1.0,0,8
activation_aware,1,64,35,0.04815682821903526,0.06367187850451819,16.0,16,1.0,0,8
activation_aware,2,64,0,0.02062137530174916,0.0206873796777372,16.0,16,1.0,0,16
activation_aware,2,64,1,0.051771581788541146,0.054624113382716735,16.0,16,1.0,0,16
activation_aware,2,64,2,0.06236277573743706,0.06983226669111323,16.0,16,1.0,0,16
activation_aware,2,64,3,0.0611865786490762,0.06806226586315485,16.0,16,1.0,0,16
activation_aware,2,64,4,0.0794047491378052,0.0948827763863981,16.0,16,1.0,0,16
activation_aware,2,64,5,0.08137855210470504,0.08825706956635439,16.0,16,1.0,0,16
activation_aware,2,64,6,0.11564631367220944,0.12254282888406219,16.0,16,1.0,0,16
activation_aware,2,64,7,0.13496521141986734,0.14247540261600453,16.0,16,1.0,0,16
activation_aware,2,64,8,0.1576705961942444,0.17059226719936044,16.0,16,1.0,0,16
activation_aware,2,64,9,0.16252052535110598,0.19559362417398404,16.0,16,1.0,0,16
activation_aware,2,64,10,0.1544013541374951,0.18036531382778942,16.0,16,1.0,0,16
activation_aware,2,64,11,0.13911272176190334,0.17055559196276712,16.0,16,1.0,0,16
activation_aware,2,64,12,0.09973219537474377,0.12127028031050233,16.0,16,1.0,0,16
activation_aware,2,64,13,0.11491409623850812,0.13712512135714475,16.0,16,1.0,0,16
activation_aware,2,64,14,0.138916411507537,0.16150420695757098,16.0,16,1.0,0,16
activation_aware,2,64,15,0.13501299803963993,0.1528436814568346,16.0,16,1.0,0,16
activation_aware,2,64,16,0.13888907094511627,0.16361336909000435,16.0,16,1.0,0,16
activation_aware,2,64,17,0.0883293921089254,0.11596080788953497,16.0,16,1.0,0,16
activation_aware,2,64,18,0.12025726304793362,0.14390836454954403,16.0,16,1.0,0,16
activation_aware,2,64,19,0.08781124804827993,0.10383339132978404,16.0,16,1.0,0,16
activation_aware,2,64,20,0.13177908673755287,0.15500182671009066,16.0,16,1.0,0,16
activation_aware,2,64,21,0.1459140439729513,0.1644287326462433,16.0,16,1.0,0,16
activation_aware,2,64,22,0.1262140539170861,0.1458075914027381,16.0,16,1.0,0,16
activation_aware,2,64,23,0.13636628420555635,0.1570104181986058,16.0,16,1.0,0,16
activation_aware,2,64,24,0.08566895523026892,0.11027634527917966,16.0,16,1.0,0,16
activation_aware,2,64,25,0.13290869080947423,0.15506125781078187,16.0,16,1.0,0,16
activation_aware,2,64,26,0.15694762239322804,0.20293575457771892,16.0,16,1.0,0,16
activation_aware,2,64,27,0.14044373928413303,0.18103583776978271,16.0,16,1.0,0,16
activation_aware,2,64,28,0.15029374434381765,0.1715686237170844,16.0,16,1.0,0,16
activation_aware,2,64,29,0.14941830756810784,0.2056290182960051,16.0,16,1.0,0,16
activation_aware,2,64,30,0.11331135096324214,0.14903808210375813,16.0,16,1.0,0,16
activation_aware,2,64,31,0.1426086592604392,0.20221646002605642,16.0,16,1.0,0,16
activation_aware,2,64,32,0.11245812058126478,0.15334745743837008,16.0,16,1.0,0,16
activation_aware,2,64,33,0.12742338780132356,0.20381050251474395,16.0,16,1.0,0,16
activation_aware,2,64,34,0.06243847383206316,0.09509282011928641,16.0,16,1.0,0,16
activation_aware,2,64,35,0.047671248357092307,0.0631345733407777,16.0,16,1.0,0,16
activation_aware,4,64,0,0.020229624975446937,0.020312095042391627,16.0,16,1.0,0,32
activation_aware,4,64,1,0.05124578670318908,0.05411213205737244,16.0,16,1.0,0,32
activation_aware,4,64,2,0.06182251799312467,0.06935700108220946,16.0,16,1.0,0,32
activation_aware,4,64,3,0.060699359853509084,0.06752912509123414,16.0,16,1.0,0,32
activation_aware,4,64,4,0.07877704470390043,0.09406810845505766,16.0,16,1.0,0,32
activation_aware,4,64,5,0.08045512589584085,0.08724624528953945,16.0,16,1.0,0,32
activation_aware,4,64,6,0.11447628835757222,0.12132665138369984,16.0,16,1.0,0,32
activation_aware,4,64,7,0.1336744735057994,0.14113036994661599,16.0,16,1.0,0,32
activation_aware,4,64,8,0.15668800039950262,0.16959607310770772,16.0,16,1.0,0,32
activation_aware,4,64,9,0.16124600282030097,0.1942253471998268,16.0,16,1.0,0,32
activation_aware,4,64,10,0.15336174058052024,0.17921845166235853,16.0,16,1.0,0,32
activation_aware,4,64,11,0.1380603820229683,0.16933639770787062,16.0,16,1.0,0,32
activation_aware,4,64,12,0.0982299921877124,0.11947703983953861,16.0,16,1.0,0,32
activation_aware,4,64,13,0.11322808567140251,0.13524259220959758,16.0,16,1.0,0,32
activation_aware,4,64,14,0.13704052596546595,0.15946966135316343,16.0,16,1.0,0,32
activation_aware,4,64,15,0.13313890336438708,0.15078730803743604,16.0,16,1.0,0,32
activation_aware,4,64,16,0.1374539477665115,0.16202226462213448,16.0,16,1.0,0,32
activation_aware,4,64,17,0.08724001765324756,0.11452471963020022,16.0,16,1.0,0,32
activation_aware,4,64,18,0.11890261735401575,0.1423777314947417,16.0,16,1.0,0,32
activation_aware,4,64,19,0.086122933320158,0.10195389829500547,16.0,16,1.0,0,32
activation_aware,4,64,20,0.13027459352805237,0.15323262349776967,16.0,16,1.0,0,32
activation_aware,4,64,21,0.14405048060692596,0.16238059919149717,16.0,16,1.0,0,32
activation_aware,4,64,22,0.12470742771385672,0.14427506047846453,16.0,16,1.0,0,32
activation_aware,4,64,23,0.13502731068168533,0.15547427786094054,16.0,16,1.0,0,32
activation_aware,4,64,24,0.08452276908025887,0.10878616969739464,16.0,16,1.0,0,32
activation_aware,4,64,25,0.13174962061709017,0.15373884212306957,16.0,16,1.0,0,32
activation_aware,4,64,26,0.15585336447476472,0.20161562931909058,16.0,16,1.0,0,32
activation_aware,4,64,27,0.1391274106228152,0.17944018198551495,16.0,16,1.0,0,32
activation_aware,4,64,28,0.14920166806269786,0.17039341505393218,16.0,16,1.0,0,32
activation_aware,4,64,29,0.14778360883087124,0.2036066036449434,16.0,16,1.0,0,32
activation_aware,4,64,30,0.11240161319651396,0.14766366829527935,16.0,16,1.0,0,32
activation_aware,4,64,31,0.14150463209193795,0.20087700693133306,16.0,16,1.0,0,32
activation_aware,4,64,32,0.11150179309825328,0.15218639212240442,16.0,16,1.0,0,32
activation_aware,4,64,33,0.12619985324137614,0.2022425888080116,16.0,16,1.0,0,32
activation_aware,4,64,34,0.06154243741033501,0.09386367328556997,16.0,16,1.0,0,32
activation_aware,4,64,35,0.047180314070202,0.0626034290169278,16.0,16,1.0,0,32
activation_aware,6,64,0,0.020060456468703507,0.020151382800014748,16.0,16,1.0,0,48
activation_aware,6,64,1,0.051028941279660504,0.053907369759833394,16.0,16,1.0,0,48
activation_aware,6,64,2,0.06159599549396664,0.0691731442713976,16.0,16,1.0,0,48
activation_aware,6,64,3,0.06050454390984494,0.06731113682044686,16.0,16,1.0,0,48
activation_aware,6,64,4,0.078522970079431,0.09372408159276303,16.0,16,1.0,0,48
activation_aware,6,64,5,0.0800701150199336,0.08681639883195215,16.0,16,1.0,0,48
activation_aware,6,64,6,0.11399853644307051,0.12083653365906334,16.0,16,1.0,0,48
activation_aware,6,64,7,0.1331634734995872,0.14059793253715183,16.0,16,1.0,0,48
activation_aware,6,64,8,0.15627295055395052,0.1691762112716553,16.0,16,1.0,0,48
activation_aware,6,64,9,0.16070477523691104,0.19365055316933596,16.0,16,1.0,0,48
activation_aware,6,64,10,0.1529184653665629,0.1787195875501737,16.0,16,1.0,0,48
activation_aware,6,64,11,0.1376096092103621,0.16884115456211476,16.0,16,1.0,0,48
activation_aware,6,64,12,0.09758397522360183,0.11870012208072936,16.0,16,1.0,0,48
activation_aware,6,64,13,0.11254973534871318,0.1344794808478478,16.0,16,1.0,0,48
activation_aware,6,64,14,0.1362062093819823,0.15857700657798965,16.0,16,1.0,0,48
activation_aware,6,64,15,0.13233057954505942,0.1499002266162125,16.0,16,1.0,0,48
activation_aware,6,64,16,0.13680535689033183,0.16130137925865518,16.0,16,1.0,0,48
activation_aware,6,64,17,0.08676847259750198,0.11388596405427197,16.0,16,1.0,0,48
activation_aware,6,64,18,0.11831856683569622,0.14171278373457066,16.0,16,1.0,0,48
activation_aware,6,64,19,0.08543989263083598,0.10119737408395069,16.0,16,1.0,0,48
activation_aware,6,64,20,0.12966078774191245,0.15251049478138862,16.0,16,1.0,0,48
activation_aware,6,64,21,0.14328190219624987,0.16153926928209278,16.0,16,1.0,0,48
activation_aware,6,64,22,0.12405678800711266,0.1436382247167576,16.0,16,1.0,0,48
activation_aware,6,64,23,0.13444940452454887,0.15480998972194168,16.0,16,1.0,0,48
activation_aware,6,64,24,0.08408690253803004,0.10820196365580655,16.0,16,1.0,0,48
activation_aware,6,64,25,0.13127182190468847,0.15319648923476872,16.0,16,1.0,0,48
activation_aware,6,64,26,0.15538446051786547,0.2010325177388153,16.0,16,1.0,0,48
activation_aware,6,64,27,0.1385711960179731,0.17875257539369663,16.0,16,1.0,0,48
activation_aware,6,64,28,0.14874982607001225,0.16991202155042315,16.0,16,1.0,0,48
activation_aware,6,64,29,0.14710890319135703,0.20276212353376472,16.0,16,1.0,0,48
activation_aware,6,64,30,0.11202000856583484,0.1470523343152924,16.0,16,1.0,0,48
activation_aware,6,64,31,0.14101574764959993,0.200290290992966,16.0,16,1.0,0,48
activation_aware,6,64,32,0.1110733391809424,0.1516619353948027,16.0,16,1.0,0,48
activation_aware,6,64,33,0.12559592704501324,0.20148953967796585,16.0,16,1.0,0,48
activation_aware,6,64,34,0.06112354069295533,0.09328431825270372,16.0,16,1.0,0,48
activation_aware,6,64,35,0.046946504258887765,0.06234975521952136,16.0,16,1.0,0,48
activation_aware,8,64,0,0.019970642878135304,0.020066558004541348,16.0,16,1.0,0,64
activation_aware,8,64,1,0.050913584675106496,0.053801726187375526,16.0,16,1.0,0,64
activation_aware,8,64,2,0.06147295455276078,0.06907879087273397,16.0,16,1.0,0,64
activation_aware,8,64,3,0.060401508790238964,0.06719193567666153,16.0,16,1.0,0,64
activation_aware,8,64,4,0.07838650892948865,0.0935304610051737,16.0,16,1.0,0,64
activation_aware,8,64,5,0.07986629959085059,0.08658448041425501,16.0,16,1.0,0,64
activation_aware,8,64,6,0.11374551046589376,0.12057954807152876,16.0,16,1.0,0,64
activation_aware,8,64,7,0.13289532584294406,0.14032006778109588,16.0,16,1.0,0,64
activation_aware,8,64,8,0.15604917186107461,0.16894856188374552,16.0,16,1.0,0,64
activation_aware,8,64,9,0.16041311943509723,0.19333545983938852,16.0,16,1.0,0,64
activation_aware,8,64,10,0.15268050263434618,0.17844989711750717,16.0,16,1.0,0,64
activation_aware,8,64,11,0.13736515043223047,0.16858547016678713,16.0,16,1.0,0,64
activation_aware,8,64,12,0.09724185257362036,0.11828760453765806,16.0,16,1.0,0,64
activation_aware,8,64,13,0.11219648977120707,0.13406830123283306,16.0,16,1.0,0,64
activation_aware,8,64,14,0.1357577957745884,0.15810726999439964,16.0,16,1.0,0,64
activation_aware,8,64,15,0.13189609789024562,0.14941977484173874,16.0,16,1.0,0,64
activation_aware,8,64,16,0.13644973204586971,0.16090502139084215,16.0,16,1.0,0,64
activation_aware,8,64,17,0.08651409500992989,0.11353447150212247,16.0,16,1.0,0,64
activation_aware,8,64,18,0.1180030165978113,0.14134817144972936,16.0,16,1.0,0,64
activation_aware,8,64,19,0.08509450496485278,0.10082291370223606,16.0,16,1.0,0,64
activation_aware,8,64,20,0.12933640197142451,0.15212935352015194,16.0,16,1.0,0,64
activation_aware,8,64,21,0.14287801773472725,0.16109888653450738,16.0,16,1.0,0,64
activation_aware,8,64,22,0.12370632083090709,0.143304477690158,16.0,16,1.0,0,64
activation_aware,8,64,23,0.13413804873220697,0.15445648228476255,16.0,16,1.0,0,64
activation_aware,8,64,24,0.08385564495770804,0.10788971664695128,16.0,16,1.0,0,64
activation_aware,8,64,25,0.13101624773471365,0.1529056381096406,16.0,16,1.0,0,64
activation_aware,8,64,26,0.15512834719243596,0.20070658890900148,16.0,16,1.0,0,64
activation_aware,8,64,27,0.13827228388950302,0.17837559716424226,16.0,16,1.0,0,64
activation_aware,8,64,28,0.14850780171684572,0.16965540767903367,16.0,16,1.0,0,64
activation_aware,8,64,29,0.14674564045485342,0.202304546506508,16.0,16,1.0,0,64
activation_aware,8,64,30,0.11181781441744791,0.14671664504301,16.0,16,1.0,0,64
activation_aware,8,64,31,0.14074533441932233,0.19995568771369526,16.0,16,1.0,0,64
activation_aware,8,64,32,0.11083566922597253,0.15137487145397785,16.0,16,1.0,0,64
activation_aware,8,64,33,0.12524360678569987,0.20105792548826387,16.0,16,1.0,0,64
activation_aware,8,64,34,0.060892104488212355,0.0929503815052823,16.0,16,1.0,0,64
activation_aware,8,64,35,0.04681399938635274,0.06220633817169699,16.0,16,1.0,0,64
activation_aware,12,64,0,0.019878145450415528,0.019978908279576938,16.0,16,1.0,0,96
activation_aware,12,64,1,0.050793827316801904,0.05369669260471646,16.0,16,1.0,0,96
activation_aware,12,64,2,0.06134377747339213,0.06898523360258593,16.0,16,1.0,0,96
activation_aware,12,64,3,0.06029546263139812,0.06706943709391373,16.0,16,1.0,0,96
activation_aware,12,64,4,0.07824155296346157,0.0933080346346273,16.0,16,1.0,0,96
activation_aware,12,64,5,0.0796608805728251,0.08634606368420275,16.0,16,1.0,0,96
activation_aware,12,64,6,0.11348605937920223,0.12031866346396575,16.0,16,1.0,0,96
activation_aware,12,64,7,0.13261926175637961,0.14003893204174786,16.0,16,1.0,0,96
activation_aware,12,64,8,0.15581650365251207,0.16870826408660836,16.0,16,1.0,0,96
activation_aware,12,64,9,0.16011277964180676,0.19299240615846897,16.0,16,1.0,0,96
activation_aware,12,64,10,0.1524355690866186,0.17817738070643632,16.0,16,1.0,0,96
activation_aware,12,64,11,0.1371094079514204,0.16833621947254432,16.0,16,1.0,0,96
activation_aware,12,64,12,0.09689742285665551,0.11787221135427092,16.0,16,1.0,0,96
activation_aware,12,64,13,0.11183310228165176,0.13362789993610114,16.0,16,1.0,0,96
activation_aware,12,64,14,0.13530616977685503,0.15765337210098374,16.0,16,1.0,0,96
activation_aware,12,64,15,0.13144836048670416,0.14891900834231683,16.0,16,1.0,0,96
activation_aware,12,64,16,0.13608105140418336,0.1604941307920797,16.0,16,1.0,0,96
activation_aware,12,64,17,0.08625354963162893,0.11316456674303461,16.0,16,1.0,0,96
activation_aware,12,64,18,0.11767572105762668,0.14095876208112362,16.0,16,1.0,0,96
activation_aware,12,64,19,0.08477845406364247,0.10048895625543305,16.0,16,1.0,0,96
activation_aware,12,64,20,0.12900279185314384,0.1517341375996279,16.0,16,1.0,0,96
activation_aware,12,64,21,0.1424717894404911,0.16066095000241148,16.0,16,1.0,0,96
activation_aware,12,64,22,0.12334742670197205,0.14297530091620533,16.0,16,1.0,0,96
activation_aware,12,64,23,0.13381889433082636,0.15410113323817065,16.0,16,1.0,0,96
activation_aware,12,64,24,0.08361544910338706,0.10756575028535963,16.0,16,1.0,0,96
activation_aware,12,64,25,0.13074744792293005,0.15259872749880476,16.0,16,1.0,0,96
activation_aware,12,64,26,0.15485634189081637,0.20035531983255547,16.0,16,1.0,0,96
activation_aware,12,64,27,0.13796420077410487,0.177977313029552,16.0,16,1.0,0,96
activation_aware,12,64,28,0.1482535252334578,0.16939540839376385,16.0,16,1.0,0,96
activation_aware,12,64,29,0.14636106121673312,0.2018343090728705,16.0,16,1.0,0,96
activation_aware,12,64,30,0.1116097677184935,0.14636180074122715,16.0,16,1.0,0,96
activation_aware,12,64,31,0.14045484074761702,0.19956894947356843,16.0,16,1.0,0,96
activation_aware,12,64,32,0.11058047715873809,0.15106278765554115,16.0,16,1.0,0,96
activation_aware,12,64,33,0.12485241621793428,0.20058666234955466,16.0,16,1.0,0,96
activation_aware,12,64,34,0.06065065721425008,0.09258380324271791,16.0,16,1.0,0,96
activation_aware,12,64,35,0.04666992276837156,0.062054771504497085,16.0,16,1.0,0,96
activation_aware,16,64,0,0.01983115174190043,0.019933606074921357,16.0,16,1.0,0,128
activation_aware,16,64,1,0.050731557172268925,0.05364587749257851,16.0,16,1.0,0,128
activation_aware,16,64,2,0.06127618501342815,0.06893874127622192,16.0,16,1.0,0,128
activation_aware,16,64,3,0.060241387195120004,0.06700534750805577,16.0,16,1.0,0,128
activation_aware,16,64,4,0.07816564031062626,0.0931780728126203,16.0,16,1.0,0,128
activation_aware,16,64,5,0.07956171293051463,0.08622588048129162,16.0,16,1.0,0,128
activation_aware,16,64,6,0.11335675697798879,0.12018810857014102,16.0,16,1.0,0,128
activation_aware,16,64,7,0.1324787364544024,0.1398983237938942,16.0,16,1.0,0,128
activation_aware,16,64,8,0.15569870033165056,0.1685854561339729,16.0,16,1.0,0,128
activation_aware,16,64,9,0.15996172913957832,0.1928054901697903,16.0,16,1.0,0,128
activation_aware,16,64,10,0.1523128209577541,0.1780519791365082,16.0,16,1.0,0,128
activation_aware,16,64,11,0.1369781967987569,0.16821789426279463,16.0,16,1.0,0,128
activation_aware,16,64,12,0.09672810452058207,0.11766650752170833,16.0,16,1.0,0,128
activation_aware,16,64,13,0.11164579178789563,0.1333961623485972,16.0,16,1.0,0,128
activation_aware,16,64,14,0.13508855482709445,0.1574513981632293,16.0,16,1.0,0,128
activation_aware,16,64,15,0.13122273772383247,0.14865759142988902,16.0,16,1.0,0,128
activation_aware,16,64,16,0.13589602795113648,0.16028935844555825,16.0,16,1.0,0,128
activation_aware,16,64,17,0.08612376487536713,0.11297765278802978,16.0,16,1.0,0,128
activation_aware,16,64,18,0.11751019260229438,0.1407520512495027,16.0,16,1.0,0,128
activation_aware,16,64,19,0.08464201124188618,0.10035139336900888,16.0,16,1.0,0,128
activation_aware,16,64,20,0.12883486844017628,0.15153596986438447,16.0,16,1.0,0,128
activation_aware,16,64,21,0.1422724969073151,0.1604498569411016,16.0,16,1.0,0,128
activation_aware,16,64,22,0.12316884724585785,0.142817671303655,16.0,16,1.0,0,128
activation_aware,16,64,23,0.13365746083036054,0.15392509228288226,16.0,16,1.0,0,128
activation_aware,16,64,24,0.08349413751442253,0.10739827657162435,16.0,16,1.0,0,128
activation_aware,16,64,25,0.13060721432440187,0.1524343717421161,16.0,16,1.0,0,128
activation_aware,16,64,26,0.15471484841167193,0.20017716120321563,16.0,16,1.0,0,128
activation_aware,16,64,27,0.13781082623888827,0.177773167909513,16.0,16,1.0,0,128
activation_aware,16,64,28,0.14812089149790383,0.1692656361043141,16.0,16,1.0,0,128
activation_aware,16,64,29,0.14616019121484522,0.2016010773946651,16.0,16,1.0,0,128
activation_aware,16,64,30,0.11150353799651937,0.14617349399069235,16.0,16,1.0,0,128
activation_aware,16,64,31,0.14030260009340492,0.19934649389727996,16.0,16,1.0,0,128
activation_aware,16,64,32,0.11044541155803618,0.15089976826172055,16.0,16,1.0,0,128
activation_aware,16,64,33,0.1246418284154718,0.20033746849423228,16.0,16,1.0,0,128
activation_aware,16,64,34,0.06052920774178229,0.09238228946562134,16.0,16,1.0,0,128
activation_aware,16,64,35,0.04659335945624622,0.06197585265743409,16.0,16,1.0,0,128
random_orthogonal,0,64,0,0.030435041742987272,0.030623200462001527,0.0,0,0.0,0,0
random_orthogonal,0,64,1,0.10773095027660337,0.11293200107191555,0.0,0,0.0,0,0
random_orthogonal,0,64,2,0.12248180125122753,0.13558741218225953,0.0,0,0.0,0,0
random_orthogonal,0,64,3,0.11554648157242628,0.12781937936634452,0.0,0,0.0,0,0
random_orthogonal,0,64,4,0.1424674343819412,0.16621051799826767,0.0,0,0.0,0,0
random_orthogonal,0,64,5,0.14452969506646862,0.15543237598732193,0.0,0,0.0,0,0
random_orthogonal,0,64,6,0.19802360803726166,0.20851998064366523,0.0,0,0.0,0,0
random_orthogonal,0,64,7,0.21411233886103392,0.2254987470820068,0.0,0,0.0,0,0
random_orthogonal,0,64,8,0.23717084893455231,0.2547589764018757,0.0,0,0.0,0,0
random_orthogonal,0,64,9,0.24617705235771428,0.28970015559780027,0.0,0,0.0,0,0
random_orthogonal,0,64,10,0.23387187875225454,0.2673819872621774,0.0,0,0.0,0,0
random_orthogonal,0,64,11,0.21504059627098335,0.2570918435504815,0.0,0,0.0,0,0
random_orthogonal,0,64,12,0.16122868719469938,0.19182114888949875,0.0,0,0.0,0,0
random_orthogonal,0,64,13,0.18185580607034915,0.2096764971190183,0.0,0,0.0,0,0
random_orthogonal,0,64,14,0.20882173744612548,0.23928721409299797,0.0,0,0.0,0,0
random_orthogonal,0,64,15,0.19447149078613377,0.2168357095757448,0.0,0,0.0,0,0
random_orthogonal,0,64,16,0.21161116832189775,0.24516531387323307,0.0,0,0.0,0,0
random_orthogonal,0,64,17,0.1343893715933329,0.17341504245530617,0.0,0,0.0,0,0
random_orthogonal,0,64,18,0.18045446574676932,0.210609254081629,0.0,0,0.0,0,0
random_orthogonal,0,64,19,0.16722073615952865,0.19387134637751294,0.0,0,0.0,0,0
random_orthogonal,0,64,20,0.19679786883728043,0.22731263951374303,0.0,0,0.0,0,0
random_orthogonal,0,64,21,0.21641385432060026,0.2400475407167968,0.0,0,0.0,0,0
random_orthogonal,0,64,22,0.19130974007859933,0.21798537139489335,0.0,0,0.0,0,0
random_orthogonal,0,64,23,0.21712074404872506,0.2442874669593111,0.0,0,0.0,0,0
random_orthogonal,0,64,24,0.1541737942997331,0.19738879371768306,0.0,0,0.0,0,0
random_orthogonal,0,64,25,0.2149341224049267,0.24293697349353055,0.0,0,0.0,0,0
random_orthogonal,0,64,26,0.2361094278509046,0.2934738522459146,0.0,0,0.0,0,0
random_orthogonal,0,64,27,0.21067225530221703,0.26212032166507193,0.0,0,0.0,0,0
random_orthogonal,0,64,28,0.23978932443243856,0.26527760238579595,0.0,0,0.0,0,0
random_orthogonal,0,64,29,0.23177137859624075,0.3022965869576158,0.0,0,0.0,0,0
random_orthogonal,0,64,30,0.17551695042863466,0.22661585267049145,0.0,0,0.0,0,0
random_orthogonal,0,64,31,0.2167691426583399,0.3000403312741651,0.0,0,0.0,0,0
random_orthogonal,0,64,32,0.17648701017256074,0.23247699946042297,0.0,0,0.0,0,0
random_orthogonal,0,64,33,0.18172612099677918,0.2787685517918857,0.0,0,0.0,0,0
random_orthogonal,0,64,34,0.09004651448529756,0.13277196396848648,0.0,0,0.0,0,0
random_orthogonal,0,64,35,0.06688293228994857,0.08499975807642625,0.0,0,0.0,0,0
random_orthogonal,1,64,0,0.026266941168114278,0.026402644243181433,16.0,16,1.0,0,8
random_orthogonal,1,64,1,0.07538643179536357,0.07941991899347427,16.0,16,1.0,0,8
random_orthogonal,1,64,2,0.08581831914038926,0.0958630361158961,16.0,16,1.0,0,8
random_orthogonal,1,64,3,0.0848100668699896,0.09416909483659974,16.0,16,1.0,0,8
random_orthogonal,1,64,4,0.10695310723171958,0.12591044373117863,16.0,16,1.0,0,8
random_orthogonal,1,64,5,0.11116861965545854,0.11992881300124353,16.0,16,1.0,0,8
random_orthogonal,1,64,6,0.1540594386546636,0.16281182119628107,16.0,16,1.0,0,8
random_orthogonal,1,64,7,0.17598393080224753,0.1854513895860457,16.0,16,1.0,0,8
random_orthogonal,1,64,8,0.19953224903647404,0.21491509990885824,16.0,16,1.0,0,8
random_orthogonal,1,64,9,0.20584895760395197,0.24542990043108323,16.0,16,1.0,0,8
random_orthogonal,1,64,10,0.19615170217200292,0.2261814348061204,16.0,16,1.0,0,8
random_orthogonal,1,64,11,0.17752615865486432,0.21373444350528065,16.0,16,1.0,0,8
random_orthogonal,1,64,12,0.1309177102127894,0.15743430165086325,16.0,16,1.0,0,8
random_orthogonal,1,64,13,0.14958652894956423,0.1746396818271237,16.0,16,1.0,0,8
random_orthogonal,1,64,14,0.1767633489414005,0.20380323420928198,16.0,16,1.0,0,8
random_orthogonal,1,64,15,0.17000458506496857,0.19045291018452834,16.0,16,1.0,0,8
random_orthogonal,1,64,16,0.17573300737465472,0.2051817124722914,16.0,16,1.0,0,8
random_orthogonal,1,64,17,0.1140043402244131,0.14794369521531223,16.0,16,1.0,0,8
random_orthogonal,1,64,18,0.15306336977825338,0.18009270225644095,16.0,16,1.0,0,8
random_orthogonal,1,64,19,0.11764570445505407,0.13862982068176302,16.0,16,1.0,0,8
random_orthogonal,1,64,20,0.16590633797617518,0.19297690060056927,16.0,16,1.0,0,8
random_orthogonal,1,64,21,0.1841425990184248,0.20543127590364305,16.0,16,1.0,0,8
random_orthogonal,1,64,22,0.159534584259861,0.18340045441388106,16.0,16,1.0,0,8
random_orthogonal,1,64,23,0.17480923930384432,0.1986853196264132,16.0,16,1.0,0,8
random_orthogonal,1,64,24,0.11604627908678819,0.14972755902453325,16.0,16,1.0,0,8
random_orthogonal,1,64,25,0.17145853422706803,0.19623393326826882,16.0,16,1.0,0,8
random_orthogonal,1,64,26,0.19909115940194738,0.25131020159206274,16.0,16,1.0,0,8
random_orthogonal,1,64,27,0.17781186954597053,0.22411365584361623,16.0,16,1.0,0,8
random_orthogonal,1,64,28,0.1922907099527253,0.21550373683834004,16.0,16,1.0,0,8
random_orthogonal,1,64,29,0.19041760553073803,0.2541208723172265,16.0,16,1.0,0,8
random_orthogonal,1,64,30,0.14525217942522975,0.18895993912901987,16.0,16,1.0,0,8
random_orthogonal,1,64,31,0.18110133312783966,0.251915949840537,16.0,16,1.0,0,8
random_orthogonal,1,64,32,0.14677352005195357,0.19620704735376615,16.0,16,1.0,0,8
random_orthogonal,1,64,33,0.16246953382027587,0.2530713949172739,16.0,16,1.0,0,8
random_orthogonal,1,64,34,0.07935031734805513,0.11851389153115235,16.0,16,1.0,0,8
random_orthogonal,1,64,35,0.058971307298248135,0.07608025332468867,16.0,16,1.0,0,8
random_orthogonal,2,64,0,0.024034133549752625,0.024149368978715988,16.0,16,1.0,0,16
random_orthogonal,2,64,1,0.06352549591505466,0.06706527466515355,16.0,16,1.0,0,16
random_orthogonal,2,64,2,0.07385156278116486,0.08269228310353817,16.0,16,1.0,0,16
random_orthogonal,2,64,3,0.07320502380846063,0.08132807140849241,16.0,16,1.0,0,16
random_orthogonal,2,64,4,0.0940001383239635,0.11103969384896598,16.0,16,1.0,0,16
random_orthogonal,2,64,5,0.09737387579624586,0.10520560482399736,16.0,16,1.0,0,16
random_orthogonal,2,64,6,0.13629891815058187,0.14424300000403503,16.0,16,1.0,0,16
random_orthogonal,2,64,7,0.1583650696310571,0.1669484167687847,16.0,16,1.0,0,16
random_orthogonal,2,64,8,0.18214420809237122,0.19651014983518245,16.0,16,1.0,0,16
random_orthogonal,2,64,9,0.18705350463235376,0.22407057194647995,16.0,16,1.0,0,16
random_orthogonal,2,64,10,0.17866152137542327,0.20703974081686521,16.0,16,1.0,0,16
random_orthogonal,2,64,11,0.16100443743494605,0.19489088535816357,16.0,16,1.0,0,16
random_orthogonal,2,64,12,0.11759557653076685,0.141887821314917,16.0,16,1.0,0,16
random_orthogonal,2,64,13,0.13507101774352007,0.15880421037010892,16.0,16,1.0,0,16
random_orthogonal,2,64,14,0.16113984179099483,0.18642043129626992,16.0,16,1.0,0,16
random_orthogonal,2,64,15,0.1568950635541326,0.1762155966697421,16.0,16,1.0,0,16
random_orthogonal,2,64,16,0.1600470753903749,0.18747034822080064,16.0,16,1.0,0,16
random_orthogonal,2,64,17,0.1037535871023727,0.13499756527775567,16.0,16,1.0,0,16
random_orthogonal,2,64,18,0.13991833552584698,0.1654639413244454,16.0,16,1.0,0,16
random_orthogonal,2,64,19,0.10175066533197827,0.12025510783989113,16.0,16,1.0,0,16
random_orthogonal,2,64,20,0.15138203676178397,0.17674986166351248,16.0,16,1.0,0,16
random_orthogonal,2,64,21,0.1680701481489673,0.1880750945959343,16.0,16,1.0,0,16
random_orthogonal,2,64,22,0.14494627700076992,0.167309514549793,16.0,16,1.0,0,16
random_orthogonal,2,64,23,0.15738164361823934,0.1795969744288654,16.0,16,1.0,0,16
random_orthogonal,2,64,24,0.10160764348985674,0.13086606704923445,16.0,16,1.0,0,16
random_orthogonal,2,64,25,0.153603236189503,0.17695992932069216,16.0,16,1.0,0,16
random_orthogonal,2,64,26,0.18146537720675976,0.2308619852341655,16.0,16,1.0,0,16
random_orthogonal,2,64,27,0.1619016231237508,0.20543126842837006,16.0,16,1.0,0,16
random_orthogonal,2,64,28,0.17298803823990755,0.19519647811500476,16.0,16,1.0,0,16
random_orthogonal,2,64,29,0.17282135408762223,0.23333231365540852,16.0,16,1.0,0,16
random_orthogonal,2,64,30,0.13119461831468068,0.1713806027793097,16.0,16,1.0,0,16
random_orthogonal,2,64,31,0.16495636641125816,0.2304212825674168,16.0,16,1.0,0,16
random_orthogonal,2,64,32,0.13253275098632697,0.17860874654804584,16.0,16,1.0,0,16
random_orthogonal,2,64,33,0.1510439562904732,0.23722924276687057,16.0,16,1.0,0,16
random_orthogonal,2,64,34,0.07310756367984868,0.10997003340615913,16.0,16,1.0,0,16
random_orthogonal,2,64,35,0.05487023159073715,0.0713894725118404,16.0,16,1.0,0,16
random_orthogonal,4,64,0,0.021917715211852474,0.022018601421541672,16.0,16,1.0,0,32
random_orthogonal,4,64,1,0.05577034513546099,0.058937099380312594,16.0,16,1.0,0,32
random_orthogonal,4,64,2,0.06623015285419717,0.07430114687745311,16.0,16,1.0,0,32
random_orthogonal,4,64,3,0.06529771560194207,0.07254866277033475,16.0,16,1.0,0,32
random_orthogonal,4,64,4,0.08482357756944918,0.10051100151163143,16.0,16,1.0,0,32
random_orthogonal,4,64,5,0.08718388212611033,0.09433961171945165,16.0,16,1.0,0,32
random_orthogonal,4,64,6,0.12307893500625092,0.13037605856543766,16.0,16,1.0,0,32
random_orthogonal,4,64,7,0.1440642932980373,0.15195807111957071,16.0,16,1.0,0,32
random_orthogonal,4,64,8,0.16798087820441154,0.18152737065947327,16.0,16,1.0,0,32
random_orthogonal,4,64,9,0.17196276928157894,0.20665048690949178,16.0,16,1.0,0,32
random_orthogonal,4,64,10,0.1644054165572226,0.1914930580870678,16.0,16,1.0,0,32
random_orthogonal,4,64,11,0.1480010171284483,0.18032934864081668,16.0,16,1.0,0,32
random_orthogonal,4,64,12,0.1064626079118248,0.12872476315188353,16.0,16,1.0,0,32
random_orthogonal,4,64,13,0.12285993553376458,0.1454602538839572,16.0,16,1.0,0,32
random_orthogonal,4,64,14,0.14765691367847755,0.1713687361144552,16.0,16,1.0,0,32
random_orthogonal,4,64,15,0.14443123770899596,0.16258595306018084,16.0,16,1.0,0,32
random_orthogonal,4,64,16,0.14715043560512966,0.17283109332337618,16.0,16,1.0,0,32
random_orthogonal,4,64,17,0.09465659304047297,0.12352251657595557,16.0,16,1.0,0,32
random_orthogonal,4,64,18,0.12839567871366525,0.15258340048630573,16.0,16,1.0,0,32
random_orthogonal,4,64,19,0.0914992163694117,0.10823758767185902,16.0,16,1.0,0,32
random_orthogonal,4,64,20,0.13927839422086677,0.1632411847868316,16.0,16,1.0,0,32
random_orthogonal,4,64,21,0.15429094221529563,0.17320039280164093,16.0,16,1.0,0,32
random_orthogonal,4,64,22,0.13295162912168992,0.15396241359234358,16.0,16,1.0,0,32
random_orthogonal,4,64,23,0.14414113120018313,0.1650376177404178,16.0,16,1.0,0,32
random_orthogonal,4,64,24,0.09153538996623015,0.11739599868520713,16.0,16,1.0,0,32
random_orthogonal,4,64,25,0.1404527590656831,0.16266865297081423,16.0,16,1.0,0,32
random_orthogonal,4,64,26,0.1669322084169856,0.21401749127852443,16.0,16,1.0,0,32
random_orthogonal,4,64,27,0.14887761936056446,0.19020940775829134,16.0,16,1.0,0,32
random_orthogonal,4,64,28,0.1590070114709593,0.1804930813467689,16.0,16,1.0,0,32
random_orthogonal,4,64,29,0.15893733240687047,0.2169342215107827,16.0,16,1.0,0,32
random_orthogonal,4,64,30,0.12009258824652674,0.15753821582716748,16.0,16,1.0,0,32
random_orthogonal,4,64,31,0.15190793902143065,0.2133895724601506,16.0,16,1.0,0,32
random_orthogonal,4,64,32,0.12071390486324181,0.1638992113157538,16.0,16,1.0,0,32
random_orthogonal,4,64,33,0.13886393167049124,0.21999896001037184,16.0,16,1.0,0,32
random_orthogonal,4,64,34,0.06691659029416185,0.10123020736539934,16.0,16,1.0,0,32
random_orthogonal,4,64,35,0.05094223219761576,0.06683695026281651,16.0,16,1.0,0,32
random_orthogonal,6,64,0,0.021031046292491393,0.021126623622648163,16.0,16,1.0,0,48
random_orthogonal,6,64,1,0.053377758676002356,0.05642330921095723,16.0,16,1.0,0,48
random_orthogonal,6,64,2,0.06386117287217666,0.07170586487683547,16.0,16,1.0,0,48
random_orthogonal,6,64,3,0.06282423781719557,0.06982310993016234,16.0,16,1.0,0,48
random_orthogonal,6,64,4,0.08176651074529885,0.09706332474362513,16.0,16,1.0,0,48
random_orthogonal,6,64,5,0.08368958629823416,0.0906367274327405,16.0,16,1.0,0,48
random_orthogonal,6,64,6,0.11857047453781389,0.1256403305748251,16.0,16,1.0,0,48
random_orthogonal,6,64,7,0.13882264812364808,0.14646331623420197,16.0,16,1.0,0,48
random_orthogonal,6,64,8,0.16264859607925636,0.17593012748758396,16.0,16,1.0,0,48
random_orthogonal,6,64,9,0.16655929611939538,0.20034751937620157,16.0,16,1.0,0,48
random_orthogonal,6,64,10,0.1590536923274909,0.1856827076425052,16.0,16,1.0,0,48
random_orthogonal,6,64,11,0.1431789034383672,0.1749919597744978,16.0,16,1.0,0,48
random_orthogonal,6,64,12,0.10215750995840166,0.12363713745882397,16.0,16,1.0,0,48
random_orthogonal,6,64,13,0.11805760005019014,0.14026966891812276,16.0,16,1.0,0,48
random_orthogonal,6,64,14,0.1423273822848238,0.1654346813014086,16.0,16,1.0,0,48
random_orthogonal,6,64,15,0.1390669794515578,0.15673619499236602,16.0,16,1.0,0,48
random_orthogonal,6,64,16,0.1422428907604161,0.16728742384375977,16.0,16,1.0,0,48
random_orthogonal,6,64,17,0.09101782809565058,0.11896382933176897,16.0,16,1.0,0,48
random_orthogonal,6,64,18,0.12374235861523336,0.14739708414856648,16.0,16,1.0,0,48
random_orthogonal,6,64,19,0.08823642247187777,0.10446834093111626,16.0,16,1.0,0,48
random_orthogonal,6,64,20,0.1346497909189213,0.15808558191143718,16.0,16,1.0,0,48
random_orthogonal,6,64,21,0.1489734498059852,0.16750013523446738,16.0,16,1.0,0,48
random_orthogonal,6,64,22,0.12845241859386658,0.14891029357141594,16.0,16,1.0,0,48
random_orthogonal,6,64,23,0.139440143335745,0.15994493039379756,16.0,16,1.0,0,48
random_orthogonal,6,64,24,0.08805597336271455,0.1127580652838445,16.0,16,1.0,0,48
random_orthogonal,6,64,25,0.1359003166849807,0.15771226578771697,16.0,16,1.0,0,48
random_orthogonal,6,64,26,0.16147793549058453,0.20780011395918369,16.0,16,1.0,0,48
random_orthogonal,6,64,27,0.14401029631057047,0.18462282451036255,16.0,16,1.0,0,48
random_orthogonal,6,64,28,0.1541138465367282,0.17534981974134253,16.0,16,1.0,0,48
random_orthogonal,6,64,29,0.15365246973425198,0.2107845906986147,16.0,16,1.0,0,48
random_orthogonal,6,64,30,0.11616523613377619,0.15255257834322183,16.0,16,1.0,0,48
random_orthogonal,6,64,31,0.1469431189317505,0.20699328820580515,16.0,16,1.0,0,48
random_orthogonal,6,64,32,0.11625642808492587,0.15821644893949652,16.0,16,1.0,0,48
random_orthogonal,6,64,33,0.13317487256897806,0.2118775999659728,16.0,16,1.0,0,48
random_orthogonal,6,64,34,0.06422763693204656,0.09739259597353205,16.0,16,1.0,0,48
random_orthogonal,6,64,35,0.049196009137485106,0.06482136481376734,16.0,16,1.0,0,48
random_orthogonal,8,64,0,0.020590613482098893,0.020684134136612287,16.0,16,1.0,0,64
random_orthogonal,8,64,1,0.05235887644544212,0.05535639969898655,16.0,16,1.0,0,64
random_orthogonal,8,64,2,0.06282358988206113,0.07056360762512885,16.0,16,1.0,0,64
random_orthogonal,8,64,3,0.061784889979185485,0.06869551811256136,16.0,16,1.0,0,64
random_orthogonal,8,64,4,0.08043059531478511,0.0955771361906193,16.0,16,1.0,0,64
random_orthogonal,8,64,5,0.08209744186972108,0.08896307761081372,16.0,16,1.0,0,64
random_orthogonal,8,64,6,0.11656322705981804,0.1235205203557139,16.0,16,1.0,0,64
random_orthogonal,8,64,7,0.13642019856909077,0.14392972374913868,16.0,16,1.0,0,64
random_orthogonal,8,64,8,0.16010734327825485,0.17328465436318088,16.0,16,1.0,0,64
random_orthogonal,8,64,9,0.16409266535053077,0.1974408390292679,16.0,16,1.0,0,64
random_orthogonal,8,64,10,0.1565159963952326,0.18291747005663833,16.0,16,1.0,0,64
random_orthogonal,8,64,11,0.1408948803510337,0.1724430933778145,16.0,16,1.0,0,64
random_orthogonal,8,64,12,0.1001098076899841,0.12124274041668104,16.0,16,1.0,0,64
random_orthogonal,8,64,13,0.11571769516555107,0.13773692716665265,16.0,16,1.0,0,64
random_orthogonal,8,64,14,0.13970982865498,0.16254603920444402,16.0,16,1.0,0,64
random_orthogonal,8,64,15,0.1363083367222224,0.15377063805725202,16.0,16,1.0,0,64
random_orthogonal,8,64,16,0.13989154812687998,0.16466259012953985,16.0,16,1.0,0,64
random_orthogonal,8,64,17,0.08923582824940912,0.11673510953657709,16.0,16,1.0,0,64
random_orthogonal,8,64,18,0.12144873953502151,0.14488672783732903,16.0,16,1.0,0,64
random_orthogonal,8,64,19,0.08680165871185866,0.10282811500938742,16.0,16,1.0,0,64
random_orthogonal,8,64,20,0.13244788909775948,0.15562953433158863,16.0,16,1.0,0,64
random_orthogonal,8,64,21,0.14645770779656872,0.16481895601148863,16.0,16,1.0,0,64
random_orthogonal,8,64,22,0.12636744458691151,0.1465381558391903,16.0,16,1.0,0,64
random_orthogonal,8,64,23,0.13725250374963427,0.1576099642706168,16.0,16,1.0,0,64
random_orthogonal,8,64,24,0.08641766158646073,0.11062257701196446,16.0,16,1.0,0,64
random_orthogonal,8,64,25,0.13383405079361788,0.1554950902976286,16.0,16,1.0,0,64
random_orthogonal,8,64,26,0.15891815761617117,0.20494384136422975,16.0,16,1.0,0,64
random_orthogonal,8,64,27,0.14171109118864447,0.18204704296628635,16.0,16,1.0,0,64
random_orthogonal,8,64,28,0.1518587011221528,0.17297718194967962,16.0,16,1.0,0,64
random_orthogonal,8,64,29,0.15105459244064184,0.20777841343245435,16.0,16,1.0,0,64
random_orthogonal,8,64,30,0.11437654443219772,0.15018807110839233,16.0,16,1.0,0,64
random_orthogonal,8,64,31,0.14454904430174872,0.20395556347314794,16.0,16,1.0,0,64
random_orthogonal,8,64,32,0.1141222780558937,0.15541887376489433,16.0,16,1.0,0,64
random_orthogonal,8,64,33,0.1301865444667489,0.2076256911247936,16.0,16,1.0,0,64
random_orthogonal,8,64,34,0.062873636483553,0.09549470503010217,16.0,16,1.0,0,64
random_orthogonal,8,64,35,0.04828946643305835,0.06379153738873035,16.0,16,1.0,0,64
random_orthogonal,12,64,0,0.020190779579356347,0.02028117919817912,16.0,16,1.0,0,96
random_orthogonal,12,64,1,0.05152399055952791,0.054480404275510194,16.0,16,1.0,0,96
random_orthogonal,12,64,2,0.06194990702973487,0.06959631043694227,16.0,16,1.0,0,96
random_orthogonal,12,64,3,0.06095667452677241,0.06780887345140373,16.0,16,1.0,0,96
random_orthogonal,12,64,4,0.07931979443658156,0.09433083812092255,16.0,16,1.0,0,96
random_orthogonal,12,64,5,0.08073157527393275,0.08752902037634515,16.0,16,1.0,0,96
random_orthogonal,12,64,6,0.11486378067392833,0.12171675872570498,16.0,16,1.0,0,96
random_orthogonal,12,64,7,0.134343382662521,0.14171707589200833,16.0,16,1.0,0,96
random_orthogonal,12,64,8,0.15786202020594312,0.17094728341705,16.0,16,1.0,0,96
random_orthogonal,12,64,9,0.16196587566813717,0.19493174858637438,16.0,16,1.0,0,96
random_orthogonal,12,64,10,0.15429144114990134,0.18045291629697224,16.0,16,1.0,0,96
random_orthogonal,12,64,11,0.13886812825129258,0.17014742732827856,16.0,16,1.0,0,96
random_orthogonal,12,64,12,0.09829741117484922,0.1191731578166256,16.0,16,1.0,0,96
random_orthogonal,12,64,13,0.11358278689423058,0.13538835991537249,16.0,16,1.0,0,96
random_orthogonal,12,64,14,0.13729982928451828,0.15988189789348453,16.0,16,1.0,0,96
random_orthogonal,12,64,15,0.13371341326029484,0.1510206313130424,16.0,16,1.0,0,96
random_orthogonal,12,64,16,0.13778768993263957,0.16235739365816954,16.0,16,1.0,0,96
random_orthogonal,12,64,17,0.08761472787626613,0.11468708117116722,16.0,16,1.0,0,96
random_orthogonal,12,64,18,0.11939489146955538,0.14268995423233632,16.0,16,1.0,0,96
random_orthogonal,12,64,19,0.08560772178803026,0.10145807923398113,16.0,16,1.0,0,96
random_orthogonal,12,64,20,0.13051677679893348,0.15346021373546387,16.0,16,1.0,0,96
random_orthogonal,12,64,21,0.14424876472960596,0.16249922969142017,16.0,16,1.0,0,96
random_orthogonal,12,64,22,0.12456809082544931,0.14446341350893088,16.0,16,1.0,0,96
random_orthogonal,12,64,23,0.13532084754160037,0.15557562066453595,16.0,16,1.0,0,96
random_orthogonal,12,64,24,0.08494292226821629,0.10878918054473756,16.0,16,1.0,0,96
random_orthogonal,12,64,25,0.1320768780184547,0.15368577860886448,16.0,16,1.0,0,96
random_orthogonal,12,64,26,0.1566937470188308,0.20254273126083677,16.0,16,1.0,0,96
random_orthogonal,12,64,27,0.13968265278287822,0.17985104809307736,16.0,16,1.0,0,96
random_orthogonal,12,64,28,0.1499082348919371,0.17092736123340604,16.0,16,1.0,0,96
random_orthogonal,12,64,29,0.14860307589384297,0.2049198511890778,16.0,16,1.0,0,96
random_orthogonal,12,64,30,0.1128279349527473,0.14800018946865248,16.0,16,1.0,0,96
random_orthogonal,12,64,31,0.14240004814236304,0.2012821561355066,16.0,16,1.0,0,96
random_orthogonal,12,64,32,0.11222511718160096,0.15290891120505015,16.0,16,1.0,0,96
random_orthogonal,12,64,33,0.1273809673581764,0.20370820259481115,16.0,16,1.0,0,96
random_orthogonal,12,64,34,0.06164684497360661,0.09382177107596444,16.0,16,1.0,0,96
random_orthogonal,12,64,35,0.047441234667151444,0.06283918940446527,16.0,16,1.0,0,96
random_orthogonal,16,64,0,0.020020051278397018,0.020108319573654464,16.0,16,1.0,0,128
random_orthogonal,16,64,1,0.051183925734644815,0.05412368331475228,16.0,16,1.0,0,128
random_orthogonal,16,64,2,0.0615939720965547,0.0692096885669223,16.0,16,1.0,0,128
random_orthogonal,16,64,3,0.06063212066764496,0.06745743992751585,16.0,16,1.0,0,128
random_orthogonal,16,64,4,0.0788533974369393,0.0937823682721795,16.0,16,1.0,0,128
random_orthogonal,16,64,5,0.08018028583308938,0.0869431913974339,16.0,16,1.0,0,128
random_orthogonal,16,64,6,0.11416856882312013,0.12098289611834535,16.0,16,1.0,0,128
random_orthogonal,16,64,7,0.13348399108938763,0.14079891372132802,16.0,16,1.0,0,128
random_orthogonal,16,64,8,0.15692166290513118,0.16994223535583922,16.0,16,1.0,0,128
random_orthogonal,16,64,9,0.16108613373658628,0.1939193805870772,16.0,16,1.0,0,128
random_orthogonal,16,64,10,0.15337010794845007,0.17939390195268348,16.0,16,1.0,0,128
random_orthogonal,16,64,11,0.13801121516412443,0.1691860566341536,16.0,16,1.0,0,128
random_orthogonal,16,64,12,0.0975440871418637,0.1183349819208927,16.0,16,1.0,0,128
random_orthogonal,16,64,13,0.11266516661942293,0.13436233628855368,16.0,16,1.0,0,128
random_orthogonal,16,64,14,0.13624934072365671,0.15869861897744783,16.0,16,1.0,0,128
random_orthogonal,16,64,15,0.13258440179819403,0.14983370954299902,16.0,16,1.0,0,128
random_orthogonal,16,64,16,0.13690335792869404,0.16140759380032565,16.0,16,1.0,0,128
random_orthogonal,16,64,17,0.08691768271087266,0.11379812266174107,16.0,16,1.0,0,128
random_orthogonal,16,64,18,0.1185320939941383,0.1417700254630273,16.0,16,1.0,0,128
random_orthogonal,16,64,19,0.08513974127419101,0.10092473022218883,16.0,16,1.0,0,128
random_orthogonal,16,64,20,0.12971804908877488,0.15255414084515576,16.0,16,1.0,0,128
random_orthogonal,16,64,21,0.14332184862118727,0.16155572979156366,16.0,16,1.0,0,128
random_orthogonal,16,64,22,0.12383121510064861,0.14360339000463798,16.0,16,1.0,0,128
random_orthogonal,16,64,23,0.1345175422343725,0.1547443184277413,16.0,16,1.0,0,128
random_orthogonal,16,64,24,0.0843090761234123,0.10805538611105148,16.0,16,1.0,0,128
random_orthogonal,16,64,25,0.13137638284435033,0.1530121029252687,16.0,16,1.0,0,128
random_orthogonal,16,64,26,0.15577363932204105,0.2015592618300297,16.0,16,1.0,0,128
random_orthogonal,16,64,27,0.13884573190593283,0.1789681608945074,16.0,16,1.0,0,128
random_orthogonal,16,64,28,0.1491018676518399,0.17008696657170153,16.0,16,1.0,0,128
random_orthogonal,16,64,29,0.1474931162759253,0.20362418730173523,16.0,16,1.0,0,128
random_orthogonal,16,64,30,0.11218089600688233,0.14703726835222547,16.0,16,1.0,0,128
random_orthogonal,16,64,31,0.1414921537943856,0.2001759873307405,16.0,16,1.0,0,128
random_orthogonal,16,64,32,0.11142492829776994,0.15187991870968326,16.0,16,1.0,0,128
random_orthogonal,16,64,33,0.12615450624622448,0.2021162975432619,16.0,16,1.0,0,128
random_orthogonal,16,64,34,0.06112772539404339,0.09315095843852302,16.0,16,1.0,0,128
random_orthogonal,16,64,35,0.04705505315999084,0.06242529697871915,16.0,16,1.0,0,128
activation_aware,0,96,0,0.00758825165115646,0.007727523300922267,0.0,0,0.0,0,0
activation_aware,0,96,1,0.016280440080872958,0.017500129936195295,0.0,0,0.0,0,0
activation_aware,0,96,2,0.021919613610756346,0.02528094491593164,0.0,0,0.0,0,0
activation_aware,0,96,3,0.02147887201705164,0.024432448010510602,0.0,0,0.0,0,0
activation_aware,0,96,4,0.028811425802727882,0.03528265587834021,0.0,0,0.0,0,0
activation_aware,0,96,5,0.029676121335533805,0.03269050574564741,0.0,0,0.0,0,0
activation_aware,0,96,6,0.0426817573816254,0.046126843589601216,0.0,0,0.0,0,0
activation_aware,0,96,7,0.05309661154110742,0.05679791812958131,0.0,0,0.0,0,0
activation_aware,0,96,8,0.0631517815372648,0.06975411819925957,0.0,0,0.0,0,0
activation_aware,0,96,9,0.06603160208969469,0.08299390497856506,0.0,0,0.0,0,0
activation_aware,0,96,10,0.06191913436478245,0.0756126916371348,0.0,0,0.0,0,0
activation_aware,0,96,11,0.055783666890075925,0.07238584502840335,0.0,0,0.0,0,0
activation_aware,0,96,12,0.041225752330320914,0.05209949611762679,0.0,0,0.0,0,0
activation_aware,0,96,13,0.047092241456466934,0.059509337335414955,0.0,0,0.0,0,0
activation_aware,0,96,14,0.05833389481819049,0.0706972092282088,0.0,0,0.0,0,0
activation_aware,0,96,15,0.05664274850694309,0.06657463194139741,0.0,0,0.0,0,0
activation_aware,0,96,16,0.05866506766598751,0.07180886100790392,0.0,0,0.0,0,0
activation_aware,0,96,17,0.0366833691972964,0.05069863004215779,0.0,0,0.0,0,0
activation_aware,0,96,18,0.05049451712615635,0.06332674772671569,0.0,0,0.0,0,0
activation_aware,0,96,19,0.03702029305837427,0.045702718422305194,0.0,0,0.0,0,0
activation_aware,0,96,20,0.05562113920732652,0.06824908689124842,0.0,0,0.0,0,0
activation_aware,0,96,21,0.06219608854466227,0.07270196003674952,0.0,0,0.0,0,0
activation_aware,0,96,22,0.05272772159244909,0.06311567640910253,0.0,0,0.0,0,0
activation_aware,0,96,23,0.05579013293568566,0.06654993388986274,0.0,0,0.0,0,0
activation_aware,0,96,24,0.0319529766598144,0.042564512289825156,0.0,0,0.0,0,0
activation_aware,0,96,25,0.054281120131762006,0.06670359446669706,0.0,0,0.0,0,0
activation_aware,0,96,26,0.06366826143139091,0.08802661225198725,0.0,0,0.0,0,0
activation_aware,0,96,27,0.05726694409229471,0.07862223872934196,0.0,0,0.0,0,0
activation_aware,0,96,28,0.06222683007934318,0.07459092991057883,0.0,0,0.0,0,0
activation_aware,0,96,29,0.05916952623940584,0.08813687778636943,0.0,0,0.0,0,0
activation_aware,0,96,30,0.04651965600116812,0.06509061940640955,0.0,0,0.0,0,0
activation_aware,0,96,31,0.05695588417727633,0.0854047795504781,0.0,0,0.0,0,0
activation_aware,0,96,32,0.04319994585361835,0.06364168176890644,0.0,0,0.0,0,0
activation_aware,0,96,33,0.049176406547112486,0.08630172817502041,0.0,0,0.0,0,0
activation_aware,0,96,34,0.025675537328344735,0.04242665576802596,0.0,0,0.0,0,0
activation_aware,0,96,35,0.020440976079821413,0.02880019972453534,0.0,0,0.0,0,0
activation_aware,1,96,0,0.0072248263423450605,0.0073639639437726775,16.0,16,1.0,0,8
activation_aware,1,96,1,0.015832218774071104,0.017032960279756638,16.0,16,1.0,0,8
activation_aware,1,96,2,0.021294190450294643,0.024660109330030357,16.0,16,1.0,0,8
activation_aware,1,96,3,0.02098208587381623,0.023874582861631615,16.0,16,1.0,0,8
activation_aware,1,96,4,0.028199637254944246,0.03453413537930688,16.0,16,1.0,0,8
activation_aware,1,96,5,0.028865517539555862,0.03180397389673409,16.0,16,1.0,0,8
activation_aware,1,96,6,0.041500421559961705,0.04486336488399456,16.0,16,1.0,0,8
activation_aware,1,96,7,0.051707004633183985,0.055345723416090925,16.0,16,1.0,0,8
activation_aware,1,96,8,0.062083114767785864,0.06861891889063118,16.0,16,1.0,0,8
activation_aware,1,96,9,0.0644923919425577,0.08113782249471199,16.0,16,1.0,0,8
activation_aware,1,96,10,0.06072325189134965,0.07424145847276432,16.0,16,1.0,0,8
activation_aware,1,96,11,0.05472281302813288,0.07100575844091288,16.0,16,1.0,0,8
activation_aware,1,96,12,0.03963398953862012,0.05017267413276558,16.0,16,1.0,0,8
activation_aware,1,96,13,0.04547319416368078,0.057541603092445895,16.0,16,1.0,0,8
activation_aware,1,96,14,0.05650785632696283,0.06858657988338386,16.0,16,1.0,0,8
activation_aware,1,96,15,0.05503726570592892,0.06470687354894251,16.0,16,1.0,0,8
activation_aware,1,96,16,0.0571814478852892,0.07004996133516643,16.0,16,1.0,0,8
activation_aware,1,96,17,0.03568552289344847,0.049278694792922496,16.0,16,1.0,0,8
activation_aware,1,96,18,0.04917896045239046,0.06172340496856406,16.0,16,1.0,0,8
activation_aware,1,96,19,0.034947263620181954,0.043247393246468056,16.0,16,1.0,0,8
activation_aware,1,96,20,0.05414452353801967,0.06643301468266052,16.0,16,1.0,0,8
activation_aware,1,96,21,0.060034768096203554,0.07017984527783092,16.0,16,1.0,0,8
activation_aware,1,96,22,0.051076121029545944,0.06129993982149858,16.0,16,1.0,0,8
activation_aware,1,96,23,0.05428603792498559,0.06472925028774543,16.0,16,1.0,0,8
activation_aware,1,96,24,0.030893325122308867,0.041089105177577565,16.0,16,1.0,0,8
activation_aware,1,96,25,0.05285964957358068,0.06493695952058567,16.0,16,1.0,0,8
activation_aware,1,96,26,0.062429021723129675,0.08636449594714982,16.0,16,1.0,0,8
activation_aware,1,96,27,0.055878169258013956,0.0768145688570254,16.0,16,1.0,0,8
activation_aware,1,96,28,0.060867809718908414,0.07295132078648144,16.0,16,1.0,0,8
activation_aware,1,96,29,0.057682830415550695,0.08613173235687556,16.0,16,1.0,0,8
activation_aware,1,96,30,0.045504336072699964,0.06337049134489484,16.0,16,1.0,0,8
activation_aware,1,96,31,0.05579516833163885,0.0836400714528604,16.0,16,1.0,0,8
activation_aware,1,96,32,0.042463139899273396,0.06257128439261771,16.0,16,1.0,0,8
activation_aware,1,96,33,0.04828235097660973,0.08484877368493025,16.0,16,1.0,0,8
activation_aware,1,96,34,0.024994474847339954,0.04124975789037983,16.0,16,1.0,0,8
activation_aware,1,96,35,0.02002424583998583,0.0282189702459559,16.0,16,1.0,0,8
activation_aware,2,96,0,0.007017101382419096,0.007156553195364488,16.0,16,1.0,0,16
activation_aware,2,96,1,0.015636525617924783,0.016830703556897114,16.0,16,1.0,0,16
activation_aware,2,96,2,0.021016429078720717,0.024395068534098212,16.0,16,1.0,0,16
activation_aware,2,96,3,0.020767691964284737,0.023630374443008823,16.0,16,1.0,0,16
activation_aware,2,96,4,0.027927764913507905,0.034204022150036185,16.0,16,1.0,0,16
activation_aware,2,96,5,0.028486979243668584,0.031391063863985984,16.0,16,1.0,0,16
activation_aware,2,96,6,0.04094079435951024,0.04426142219683027,16.0,16,1.0,0,16
activation_aware,2,96,7,0.05107216089997744,0.05468657223163387,16.0,16,1.0,0,16
activation_aware,2,96,8,0.06157522348020673,0.06808268775235846,16.0,16,1.0,0,16
activation_aware,2,96,9,0.06373772179590292,0.08021016811168005,16.0,16,1.0,0,16
activation_aware,2,96,10,0.060127976909936084,0.07355631999866825,16.0,16,1.0,0,16
activation_aware,2,96,11,0.05420929024457014,0.07030964100322924,16.0,16,1.0,0,16
activation_aware,2,96,12,0.038803983915490975,0.04914725653285819,16.0,16,1.0,0,16
activation_aware,2,96,13,0.04462627114854943,0.05648945472120129,16.0,16,1.0,0,16
activation_aware,2,96,14,0.055500735699579404,0.06740704957143373,16.0,16,1.0,0,16
activation_aware,2,96,15,0.05416232310934226,0.06367327673275948,16.0,16,1.0,0,16
activation_aware,2,96,16,0.05635164213436836,0.0690619586644994,16.0,16,1.0,0,16
activation_aware,2,96,17,0.03515369989659431,0.048501403285966534,16.0,16,1.0,0,16
activation_aware,2,96,18,0.048499026834374966,0.060880656650845105,16.0,16,1.0,0,16
activation_aware,2,96,19,0.033957291097877686,0.042045861957778694,16.0,16,1.0,0,16
activation_aware,2,96,20,0.05340828629809923,0.06551086553886334,16.0,16,1.0,0,16
activation_aware,2,96,21,0.05894728875847323,0.06888748710158273,16.0,16,1.0,0,16
activation_aware,2,96,22,0.050244032443158185,0.06039592250270726,16.0,16,1.0,0,16
activation_aware,2,96,23,0.05354115083478375,0.06380553477770834,16.0,16,1.0,0,16
activation_aware,2,96,24,0.030436224955880335,0.04040800720298745,16.0,16,1.0,0,16
activation_aware,2,96,25,0.052200743924905715,0.06409228743500665,16.0,16,1.0,0,16
activation_aware,2,96,26,0.061835866837984844,0.0855396819670724,16.0,16,1.0,0,16
activation_aware,2,96,27,0.05518184659187589,0.07589077269695017,16.0,16,1.0,0,16
activation_aware,2,96,28,0.06025154864429232,0.07218146103539105,16.0,16,1.0,0,16
activation_aware,2,96,29,0.05697843853902368,0.08516000088682556,16.0,16,1.0,0,16
activation_aware,2,96,30,0.0450139811532262,0.06248493281190949,16.0,16,1.0,0,16
activation_aware,2,96,31,0.055191725067931414,0.08271613425027279,16.0,16,1.0,0,16
activation_aware,2,96,32,0.042084114557475745,0.06199451122085133,16.0,16,1.0,0,16
activation_aware,2,96,33,0.04775772029111628,0.08396001658367769,16.0,16,1.0,0,16
activation_aware,2,96,34,0.024574843915904126,0.040519090116450746,16.0,16,1.0,0,16
activation_aware,2,96,35,0.019772492782788226,0.027857375546834675,16.0,16,1.0,0,16
activation_aware,4,96,0,0.006812390194504571,0.00695328238418811,16.0,16,1.0,0,32
activation_aware,4,96,1,0.01546836174063538,0.01666097336129873,16.0,16,1.0,0,32
activation_aware,4,96,2,0.020777036051343598,0.024176526663166418,16.0,16,1.0,0,32
activation_aware,4,96,3,0.020585037947208642,0.023417080129838105,16.0,16,1.0,0,32
activation_aware,4,96,4,0.027695743067748406,0.03391970974622276,16.0,16,1.0,0,32
activation_aware,4,96,5,0.028147480892419904,0.031023924952309257,16.0,16,1.0,0,32
activation_aware,4,96,6,0.04043591089095759,0.043714463361362185,16.0,16,1.0,0,32
activation_aware,4,96,7,0.050530441341392035,0.05412703056531809,16.0,16,1.0,0,32
activation_aware,4,96,8,0.06111190884249317,0.06759922184683068,16.0,16,1.0,0,32
activation_aware,4,96,9,0.06302880872258422,0.07930655675075261,16.0,16,1.0,0,32
activation_aware,4,96,10,0.05956475410283675,0.07290233255758159,16.0,16,1.0,0,32
activation_aware,4,96,11,0.05373091549423222,0.06962596818870753,16.0,16,1.0,0,32
activation_aware,4,96,12,0.03800815517216097,0.04813985015681321,16.0,16,1.0,0,32
activation_aware,4,96,13,0.043814440618245264,0.055447056969116684,16.0,16,1.0,0,32
activation_aware,4,96,14,0.0544830395629683,0.06619369651335191,16.0,16,1.0,0,32
activation_aware,4,96,15,0.05328673817205606,0.06261946110535559,16.0,16,1.0,0,32
activation_aware,4,96,16,0.05549287296096173,0.06803358403499413,16.0,16,1.0,0,32
activation_aware,4,96,17,0.0346246320322603,0.047702483228524675,16.0,16,1.0,0,32
activation_aware,4,96,18,0.04782863770075406,0.06003013806292885,16.0,16,1.0,0,32
activation_aware,4,96,19,0.033029103845885255,0.04089334638299803,16.0,16,1.0,0,32
activation_aware,4,96,20,0.05271986423353386,0.06463313527579558,16.0,16,1.0,0,32
activation_aware,4,96,21,0.057931301644814,0.06765653666660061,16.0,16,1.0,0,32
activation_aware,4,96,22,0.04944948729330697,0.05954931339964172,16.0,16,1.0,0,32
activation_aware,4,96,23,0.05283600172615028,0.06291371735802445,16.0,16,1.0,0,32
activation_aware,4,96,24,0.03005714946197493,0.039799720904141196,16.0,16,1.0,0,32
activation_aware,4,96,25,0.05161217362538987,0.0633170727657438,16.0,16,1.0,0,32
activation_aware,4,96,26,0.06128632297078244,0.0847422028804002,16.0,16,1.0,0,32
activation_aware,4,96,27,0.054530347091937686,0.074998382669692,16.0,16,1.0,0,32
activation_aware,4,96,28,0.05969478937847484,0.07145997795797825,16.0,16,1.0,0,32
activation_aware,4,96,29,0.05634873970487014,0.08423815219569125,16.0,16,1.0,0,32
activation_aware,4,96,30,0.04455400661540334,0.061599724408323744,16.0,16,1.0,0,32
activation_aware,4,96,31,0.054602832730768054,0.08180866877448653,16.0,16,1.0,0,32
activation_aware,4,96,32,0.04171716834260686,0.06140735638313517,16.0,16,1.0,0,32
activation_aware,4,96,33,0.047197678525532694,0.08297228114647684,16.0,16,1.0,0,32
activation_aware,4,96,34,0.024105948773752852,0.039685624502331894,16.0,16,1.0,0,32
activation_aware,4,96,35,0.019503321617099417,0.02745574733567515,16.0,16,1.0,0,32
activation_aware,6,96,0,0.0067199946883755675,0.0068618464603796,16.0,16,1.0,0,48
activation_aware,6,96,1,0.015395924934780156,0.01658801554897873,16.0,16,1.0,0,48
activation_aware,6,96,2,0.020677085164322602,0.02409060703697993,16.0,16,1.0,0,48
activation_aware,6,96,3,0.02050745815521976,0.02332440915938875,16.0,16,1.0,0,48
activation_aware,6,96,4,0.027598578972574398,0.033795293556678464,16.0,16,1.0,0,48
activation_aware,6,96,5,0.027997774068333866,0.030864680879574335,16.0,16,1.0,0,48
activation_aware,6,96,6,0.04021555569078038,0.04347446591228651,16.0,16,1.0,0,48
activation_aware,6,96,7,0.050302720041852954,0.0538921492208866,16.0,16,1.0,0,48
activation_aware,6,96,8,0.06090438706291687,0.06738447635177734,16.0,16,1.0,0,48
activation_aware,6,96,9,0.06270462518205228,0.07885523439196457,16.0,16,1.0,0,48
activation_aware,6,96,10,0.059305512444406495,0.07259817219475888,16.0,16,1.0,0,48
activation_aware,6,96,11,0.05351332885168633,0.06929325437184192,16.0,16,1.0,0,48
activation_aware,6,96,12,0.037649043158073534,0.047669048059114885,16.0,16,1.0,0,48
activation_aware,6,96,13,0.04344422178563456,0.05495332225261802,16.0,16,1.0,0,48
activation_aware,6,96,14,0.05399815897135537,0.06559971930294227,16.0,16,1.0,0,48
activation_aware,6,96,15,0.05286600130104237,0.06210405161170861,16.0,16,1.0,0,48
activation_aware,6,96,16,0.055075985762138895,0.06753195052520604,16.0,16,1.0,0,48
activation_aware,6,96,17,0.03436935837437204,0.04730387038844533,16.0,16,1.0,0,48
activation_aware,6,96,18,0.04750480030712692,0.059608478843311746,16.0,16,1.0,0,48
activation_aware,6,96,19,0.03262286625406376,0.04038075138784468,16.0,16,1.0,0,48
activation_aware,6,96,20,0.05240452778860945,0.06422713373140337,16.0,16,1.0,0,48
activation_aware,6,96,21,0.057470703424823896,0.06708683817515287,16.0,16,1.0,0,48
activation_aware,6,96,22,0.049081066595967955,0.05916288265879385,16.0,16,1.0,0,48
activation_aware,6,96,23,0.05251413168830515,0.06250034742990093,16.0,16,1.0,0,48
activation_aware,6,96,24,0.029899420100001763,0.03952769065451895,16.0,16,1.0,0,48
activation_aware,6,96,25,0.05135442407092127,0.06297242548147293,16.0,16,1.0,0,48
activation_aware,6,96,26,0.06103812498293164,0.08435563316250459,16.0,16,1.0,0,48
activation_aware,6,96,27,0.05423667775215717,0.07457764677803655,16.0,16,1.0,0,48
activation_aware,6,96,28,0.05944634891482065,0.07112480834635752,16.0,16,1.0,0,48
activation_aware,6,96,29,0.056070925473851174,0.08379146186356402,16.0,16,1.0,0,48
activation_aware,6,96,30,0.04434167881795502,0.06115654888604679,16.0,16,1.0,0,48
activation_aware,6,96,31,0.05432981660453982,0.0813894572537463,16.0,16,1.0,0,48
activation_aware,6,96,32,0.04154703751184535,0.06112064936397254,16.0,16,1.0,0,48
activation_aware,6,96,33,0.046916261093428356,0.08245477991632866,16.0,16,1.0,0,48
activation_aware,6,96,34,0.023871014712357686,0.039248371537846494,16.0,16,1.0,0,48
activation_aware,6,96,35,0.019364277275099213,0.027239422290310306,16.0,16,1.0,0,48
activation_aware,8,96,0,0.006669587759363423,0.006812256204741319,16.0,16,1.0,0,64
activation_aware,8,96,1,0.015356383818442263,0.01654863421394346,16.0,16,1.0,0,64
activation_aware,8,96,2,0.02062470961492605,0.024047344349036274,16.0,16,1.0,0,64
activation_aware,8,96,3,0.02046505041232846,0.023273675408079748,16.0,16,1.0,0,64
activation_aware,8,96,4,0.027546871928673455,0.03372424637264648,16.0,16,1.0,0,64
activation_aware,8,96,5,0.027915371403378842,0.030777606424057913,16.0,16,1.0,0,64
activation_aware,8,96,6,0.04009724671172661,0.04334455915520821,16.0,16,1.0,0,64
activation_aware,8,96,7,0.0501805622796463,0.05376641554154746,16.0,16,1.0,0,64
activation_aware,8,96,8,0.060788826839364096,0.06726452912725833,16.0,16,1.0,0,64
activation_aware,8,96,9,0.06252357117927068,0.07857849261597083,16.0,16,1.0,0,64
activation_aware,8,96,10,0.05916037983226617,0.0724238231136554,16.0,16,1.0,0,64
activation_aware,8,96,11,0.05339146124062883,0.06909991825042856,16.0,16,1.0,0,64
activation_aware,8,96,12,0.037452670882196795,0.04740377681880641,16.0,16,1.0,0,64
activation_aware,8,96,13,0.04323970572339641,0.05467260188493537,16.0,16,1.0,0,64
activation_aware,8,96,14,0.05372456175874834,0.06525989012406139,16.0,16,1.0,0,64
activation_aware,8,96,15,0.05262370117544568,0.06180597373138705,16.0,16,1.0,0,64
activation_aware,8,96,16,0.05483930691673378,0.06724532475951144,16.0,16,1.0,0,64
activation_aware,8,96,17,0.03422147766274553,0.047067862186303225,16.0,16,1.0,0,64
activation_aware,8,96,18,0.047316837418766466,0.05935720774963892,16.0,16,1.0,0,64
activation_aware,8,96,19,0.03241116095092253,0.04011065074860967,16.0,16,1.0,0,64
activation_aware,8,96,20,0.052224745217801107,0.06399193942439707,16.0,16,1.0,0,64
activation_aware,8,96,21,0.057215917101324294,0.06676749640773443,16.0,16,1.0,0,64
activation_aware,8,96,22,0.04887265478476546,0.0589435845653015,16.0,16,1.0,0,64
activation_aware,8,96,23,0.052335781841431506,0.06226989689335353,16.0,16,1.0,0,64
activation_aware,8,96,24,0.02981538468748381,0.03937537204078589,16.0,16,1.0,0,64
activation_aware,8,96,25,0.05121417487199687,0.06278293659237269,16.0,16,1.0,0,64
activation_aware,8,96,26,0.060901307134811955,0.08413006988484197,16.0,16,1.0,0,64
activation_aware,8,96,27,0.05407438747543335,0.07433560523363011,16.0,16,1.0,0,64
activation_aware,8,96,28,0.0593096222458401,0.07093538511603455,16.0,16,1.0,0,64
activation_aware,8,96,29,0.055916731850518715,0.08351799094211136,16.0,16,1.0,0,64
activation_aware,8,96,30,0.044222167208613467,0.06088974052775876,16.0,16,1.0,0,64
activation_aware,8,96,31,0.054177474254432756,0.08115381860142983,16.0,16,1.0,0,64
activation_aware,8,96,32,0.041451220206161196,0.06095393039909743,16.0,16,1.0,0,64
activation_aware,8,96,33,0.04675067411381186,0.08214315734729656,16.0,16,1.0,0,64
activation_aware,8,96,34,0.02373455058134809,0.038983312926600226,16.0,16,1.0,0,64
activation_aware,8,96,35,0.01928265704424587,0.027104026644618393,16.0,16,1.0,0,64
activation_aware,12,96,0,0.006616773941709067,0.006760039364127969,16.0,16,1.0,0,96
activation_aware,12,96,1,0.015314529889655438,0.016505176488510496,16.0,16,1.0,0,96
activation_aware,12,96,2,0.020571919417413393,0.024007954595357907,16.0,16,1.0,0,96
activation_aware,12,96,3,0.020419614108022163,0.023220991135596683,16.0,16,1.0,0,96
activation_aware,12,96,4,0.027493796421133376,0.033648054797821084,16.0,16,1.0,0,96
activation_aware,12,96,5,0.027827305248242958,0.03068421892906216,16.0,16,1.0,0,96
activation_aware,12,96,6,0.039977351547621914,0.043212547503947714,16.0,16,1.0,0,96
activation_aware,12,96,7,0.05005501398800869,0.05363658981691774,16.0,16,1.0,0,96
activation_aware,12,96,8,0.06066517239814135,0.06713677183024878,16.0,16,1.0,0,96
activation_aware,12,96,9,0.06233141043788782,0.07824257997788234,16.0,16,1.0,0,96
activation_aware,12,96,10,0.05900669415010686,0.0722328527712348,16.0,16,1.0,0,96
activation_aware,12,96,11,0.05326093374650963,0.0688870820620885,16.0,16,1.0,0,96
activation_aware,12,96,12,0.03724748496957442,0.047118816969012434,16.0,16,1.0,0,96
activation_aware,12,96,13,0.043027178145923384,0.05438047326480625,16.0,16,1.0,0,96
activation_aware,12,96,14,0.05343598605936723,0.06489621252350018,16.0,16,1.0,0,96
activation_aware,12,96,15,0.05236016106784257,0.061476480296429985,16.0,16,1.0,0,96
activation_aware,12,96,16,0.05458755011841854,0.0669447524984793,16.0,16,1.0,0,96
activation_aware,12,96,17,0.03405978497447229,0.04680748126806762,16.0,16,1.0,0,96
activation_aware,12,96,18,0.04711129525082776,0.05907561299982659,16.0,16,1.0,0,96
activation_aware,12,96,19,0.03221283513148353,0.03985052713532447,16.0,16,1.0,0,96
activation_aware,12,96,20,0.05202712363017901,0.06373161837931869,16.0,16,1.0,0,96
activation_aware,12,96,21,0.056951150407386714,0.06643337053534655,16.0,16,1.0,0,96
activation_aware,12,96,22,0.04864715598085151,0.058702900006568595,16.0,16,1.0,0,96
activation_aware,12,96,23,0.052149121547193804,0.06203287675136856,16.0,16,1.0,0,96
activation_aware,12,96,24,0.029729121266932286,0.03921032662997342,16.0,16,1.0,0,96
activation_aware,12,96,25,0.0510697805352024,0.06258662007228631,16.0,16,1.0,0,96
activation_aware,12,96,26,0.0607580204833994,0.08387067865705895,16.0,16,1.0,0,96
activation_aware,12,96,27,0.05390370486136837,0.07407323505813039,16.0,16,1.0,0,96
activation_aware,12,96,28,0.05916568519596392,0.07073327070748683,16.0,16,1.0,0,96
activation_aware,12,96,29,0.055753146910511885,0.08319126700265075,16.0,16,1.0,0,96
activation_aware,12,96,30,0.04409613357643382,0.0605885698933549,16.0,16,1.0,0,96
activation_aware,12,96,31,0.05401561078111651,0.08090315478960582,16.0,16,1.0,0,96
activation_aware,12,96,32,0.04134834554861171,0.060776680811051115,16.0,16,1.0,0,96
activation_aware,12,96,33,0.046567271620477274,0.08179724391708591,16.0,16,1.0,0,96
activation_aware,12,96,34,0.023586503361552737,0.038679811228741125,16.0,16,1.0,0,96
activation_aware,12,96,35,0.019192157689158825,0.02694560676463266,16.0,16,1.0,0,96
activation_aware,16,96,0,0.006589398523802889,0.006732225717860397,16.0,16,1.0,0,128
activation_aware,16,96,1,0.015293000793731608,0.01648238734872343,16.0,16,1.0,0,128
activation_aware,16,96,2,0.020545765882443178,0.0239922933103659,16.0,16,1.0,0,128
activation_aware,16,96,3,0.02039526365178117,0.023195266280714038,16.0,16,1.0,0,128
activation_aware,16,96,4,0.027466642486983613,0.03360867686370645,16.0,16,1.0,0,128
activation_aware,16,96,5,0.027780683940043793,0.030633385131343158,16.0,16,1.0,0,128
activation_aware,16,96,6,0.03991814156124107,0.04314491721960845,16.0,16,1.0,0,128
activation_aware,16,96,7,0.04999289405038605,0.053572880748088525,16.0,16,1.0,0,128
activation_aware,16,96,8,0.06060045978291793,0.06706751529865526,16.0,16,1.0,0,128
activation_aware,16,96,9,0.06223332250835611,0.07804839014452203,16.0,16,1.0,0,128
activation_aware,16,96,10,0.0589287006975907,0.07213246934044494,16.0,16,1.0,0,128
activation_aware,16,96,11,0.05319232586801289,0.06877555609419093,16.0,16,1.0,0,128
activation_aware,16,96,12,0.03714373279693688,0.046971951285385234,16.0,16,1.0,0,128
activation_aware,16,96,13,0.042921919533546626,0.05423835020284665,16.0,16,1.0,0,128
activation_aware,16,96,14,0.053289687205564026,0.06471026863589494,16.0,16,1.0,0,128
activation_aware,16,96,15,0.052222947628559856,0.06130374941145081,16.0,16,1.0,0,128
activation_aware,16,96,16,0.05445983787428774,0.06679792889165373,16.0,16,1.0,0,128
activation_aware,16,96,17,0.033975105216511134,0.04667039321817946,16.0,16,1.0,0,128
activation_aware,16,96,18,0.047003008174496874,0.058922975094273494,16.0,16,1.0,0,128
activation_aware,16,96,19,0.032124711039701014,0.03973208039174029,16.0,16,1.0,0,128
activation_aware,16,96,20,0.051921812559645564,0.06359154419557013,16.0,16,1.0,0,128
activation_aware,16,96,21,0.056820389045592584,0.06626952038366951,16.0,16,1.0,0,128
activation_aware,16,96,22,0.04852981581427905,0.05857459140223647,16.0,16,1.0,0,128
activation_aware,16,96,23,0.05205409015456793,0.06191490212307222,16.0,16,1.0,0,128
activation_aware,16,96,24,0.029685435493646654,0.03912393616295782,16.0,16,1.0,0,128
activation_aware,16,96,25,0.05099810395774554,0.06248712681860764,16.0,16,1.0,0,128
activation_aware,16,96,26,0.06068531939522631,0.08373120045259508,16.0,16,1.0,0,128
activation_aware,16,96,27,0.0538162870043848,0.07393607196122005,16.0,16,1.0,0,128
activation_aware,16,96,28,0.059090931248187185,0.07062561544727766,16.0,16,1.0,0,128
activation_aware,16,96,29,0.055669478483239755,0.08299848692986682,16.0,16,1.0,0,128
activation_aware,16,96,30,0.04403207405736687,0.060432890108763515,16.0,16,1.0,0,128
activation_aware,16,96,31,0.053930380516505325,0.08076822194908659,16.0,16,1.0,0,128
activation_aware,16,96,32,0.04129407952343046,0.060687184217791554,16.0,16,1.0,0,128
activation_aware,16,96,33,0.04646846405838752,0.08161828922958043,16.0,16,1.0,0,128
activation_aware,16,96,34,0.023509459149359428,0.038511023973136924,16.0,16,1.0,0,128
activation_aware,16,96,35,0.019144287186059355,0.026857354366987454,16.0,16,1.0,0,128
random_orthogonal,0,96,0,0.012028067564951582,0.012261930681134257,0.0,0,0.0,0,0
random_orthogonal,0,96,1,0.04088763400016109,0.04354193956005843,0.0,0,0.0,0,0
random_orthogonal,0,96,2,0.048627399792836166,0.05509512403585705,0.0,0,0.0,0,0
random_orthogonal,0,96,3,0.045890919496332935,0.05203803835081594,0.0,0,0.0,0,0
random_orthogonal,0,96,4,0.05712639478812111,0.06850974381597938,0.0,0,0.0,0,0
random_orthogonal,0,96,5,0.05823500775446442,0.06367745995671446,0.0,0,0.0,0,0
random_orthogonal,0,96,6,0.08117368649709725,0.08696217482825963,0.0,0,0.0,0,0
random_orthogonal,0,96,7,0.0895456791816834,0.09584348557885569,0.0,0,0.0,0,0
random_orthogonal,0,96,8,0.10245258410307906,0.11193316973388183,0.0,0,0.0,0,0
random_orthogonal,0,96,9,0.10643130883588857,0.13100351805384522,0.0,0,0.0,0,0
random_orthogonal,0,96,10,0.101137024679494,0.11965482664929708,0.0,0,0.0,0,0
random_orthogonal,0,96,11,0.09186005746579788,0.1146532515835228,0.0,0,0.0,0,0
random_orthogonal,0,96,12,0.06800452029572754,0.08384216002283246,0.0,0,0.0,0,0
random_orthogonal,0,96,13,0.07674752746713338,0.09172366309548402,0.0,0,0.0,0,0
random_orthogonal,0,96,14,0.09006346989146198,0.10688139360740953,0.0,0,0.0,0,0
random_orthogonal,0,96,15,0.0833482959530468,0.09514818051136094,0.0,0,0.0,0,0
random_orthogonal,0,96,16,0.09154986894669272,0.10947977376642817,0.0,0,0.0,0,0
random_orthogonal,0,96,17,0.05721384317822873,0.07675515548159419,0.0,0,0.0,0,0
random_orthogonal,0,96,18,0.07735673127208267,0.09343281856848562,0.0,0,0.0,0,0
random_orthogonal,0,96,19,0.06929497677046434,0.08303360034177598,0.0,0,0.0,0,0
random_orthogonal,0,96,20,0.08637417857987674,0.10288343538071835,0.0,0,0.0,0,0
random_orthogonal,0,96,21,0.09463102559590678,0.10778215227852385,0.0,0,0.0,0,0
random_orthogonal,0,96,22,0.08305062743041401,0.09742642942124488,0.0,0,0.0,0,0
random_orthogonal,0,96,23,0.09287492129645566,0.10776922361849767,0.0,0,0.0,0,0
random_orthogonal,0,96,24,0.061520858228530796,0.08246746525082475,0.0,0,0.0,0,0
random_orthogonal,0,96,25,0.0921098658092201,0.10753260602057256,0.0,0,0.0,0,0
random_orthogonal,0,96,26,0.10184138061691646,0.13257782807628848,0.0,0,0.0,0,0
random_orthogonal,0,96,27,0.0912201073888367,0.11882600432863397,0.0,0,0.0,0,0
random_orthogonal,0,96,28,0.10398464702555023,0.1186364717297896,0.0,0,0.0,0,0
random_orthogonal,0,96,29,0.09704916841338204,0.13384725127040925,0.0,0,0.0,0,0
random_orthogonal,0,96,30,0.0754443737756463,0.10181686080569496,0.0,0,0.0,0,0
random_orthogonal,0,96,31,0.09301817443449124,0.13644011009182258,0.0,0,0.0,0,0
random_orthogonal,0,96,32,0.0741292049069558,0.104030938211833,0.0,0,0.0,0,0
random_orthogonal,0,96,33,0.07721848024810828,0.1293384386437683,0.0,0,0.0,0,0
random_orthogonal,0,96,34,0.03859153690663953,0.06154088199313544,0.0,0,0.0,0,0
random_orthogonal,0,96,35,0.029208949128983704,0.03920605661616838,0.0,0,0.0,0,0
random_orthogonal,1,96,0,0.010150114016141455,0.010350908126710983,16.0,16,1.0,0,8
random_orthogonal,1,96,1,0.027049530685154064,0.02897989590804825,16.0,16,1.0,0,8
random_orthogonal,1,96,2,0.03261424576559372,0.037568511608040714,16.0,16,1.0,0,8
random_orthogonal,1,96,3,0.032715020985669724,0.03725695974641705,16.0,16,1.0,0,8
random_orthogonal,1,96,4,0.04174064944941091,0.05072602341411802,16.0,16,1.0,0,8
random_orthogonal,1,96,5,0.04384944293903571,0.04815621433526801,16.0,16,1.0,0,8
random_orthogonal,1,96,6,0.06113301532309287,0.06564992304576538,16.0,16,1.0,0,8
random_orthogonal,1,96,7,0.07261889357585587,0.07771345527069082,16.0,16,1.0,0,8
random_orthogonal,1,96,8,0.08463658217614838,0.09290042470448359,16.0,16,1.0,0,8
random_orthogonal,1,96,9,0.08769488557968534,0.10906408389885484,16.0,16,1.0,0,8
random_orthogonal,1,96,10,0.08304475649215064,0.09930318699491435,16.0,16,1.0,0,8
random_orthogonal,1,96,11,0.07507010417226391,0.09482263208117266,16.0,16,1.0,0,8
random_orthogonal,1,96,12,0.054402647918390085,0.06802541166249484,16.0,16,1.0,0,8
random_orthogonal,1,96,13,0.06257131940926298,0.07601091419452612,16.0,16,1.0,0,8
random_orthogonal,1,96,14,0.07534058527258566,0.08999637065246997,16.0,16,1.0,0,8
random_orthogonal,1,96,15,0.07255775283219654,0.08336845698193378,16.0,16,1.0,0,8
random_orthogonal,1,96,16,0.0756691467947185,0.09125989960045609,16.0,16,1.0,0,8
random_orthogonal,1,96,17,0.04821771947860706,0.06515348576730286,16.0,16,1.0,0,8
random_orthogonal,1,96,18,0.0655442887205823,0.08009199443847019,16.0,16,1.0,0,8
random_orthogonal,1,96,19,0.048053599339611994,0.05873394086435591,16.0,16,1.0,0,8
random_orthogonal,1,96,20,0.07194345512477732,0.08649798350889654,16.0,16,1.0,0,8
random_orthogonal,1,96,21,0.07954295389406925,0.09131201704843349,16.0,16,1.0,0,8
random_orthogonal,1,96,22,0.06786886891749772,0.08065441677791388,16.0,16,1.0,0,8
random_orthogonal,1,96,23,0.07378692766923962,0.086630494570265,16.0,16,1.0,0,8
random_orthogonal,1,96,24,0.04575895185086321,0.061218662964758,16.0,16,1.0,0,8
random_orthogonal,1,96,25,0.07255694738093314,0.08613016094178366,16.0,16,1.0,0,8
random_orthogonal,1,96,26,0.0847892536905208,0.11237437331492701,16.0,16,1.0,0,8
random_orthogonal,1,96,27,0.07595997719039702,0.10012422948066775,16.0,16,1.0,0,8
random_orthogonal,1,96,28,0.08215926400581933,0.09538675618272206,16.0,16,1.0,0,8
random_orthogonal,1,96,29,0.07936697594168961,0.11251144496691046,16.0,16,1.0,0,8
random_orthogonal,1,96,30,0.06169960204662346,0.08368063673134035,16.0,16,1.0,0,8
random_orthogonal,1,96,31,0.07638842185483659,0.11302949247390619,16.0,16,1.0,0,8
random_orthogonal,1,96,32,0.060590651196638215,0.08640947227966037,16.0,16,1.0,0,8
random_orthogonal,1,96,33,0.06791935483129231,0.11560385166652404,16.0,16,1.0,0,8
random_orthogonal,1,96,34,0.033688849715194244,0.05416725169977872,16.0,16,1.0,0,8
random_orthogonal,1,96,35,0.02587239871810187,0.03509297133794248,16.0,16,1.0,0,8
random_orthogonal,2,96,0,0.00899650303253144,0.00918067750295284,16.0,16,1.0,0,16
random_orthogonal,2,96,1,0.021489286217112994,0.02309289026437799,16.0,16,1.0,0,16
random_orthogonal,2,96,2,0.026970918775909108,0.031297268450581624,16.0,16,1.0,0,16
random_orthogonal,2,96,3,0.027136035082419192,0.030922393121766565,16.0,16,1.0,0,16
random_orthogonal,2,96,4,0.03549474892898728,0.0434155822281488,16.0,16,1.0,0,16
random_orthogonal,2,96,5,0.03712657096221317,0.04087362527790886,16.0,16,1.0,0,16
random_orthogonal,2,96,6,0.05207766948739521,0.055999400064093034,16.0,16,1.0,0,16
random_orthogonal,2,96,7,0.06397829026744094,0.06844662065343142,16.0,16,1.0,0,16
random_orthogonal,2,96,8,0.07564189017963671,0.08325160120659732,16.0,16,1.0,0,16
random_orthogonal,2,96,9,0.07813918808541159,0.09759512925630372,16.0,16,1.0,0,16
random_orthogonal,2,96,10,0.07397480644423146,0.08908196452813892,16.0,16,1.0,0,16
random_orthogonal,2,96,11,0.0668906906965389,0.08510548814395207,16.0,16,1.0,0,16
random_orthogonal,2,96,12,0.04816554053252063,0.060486649305371204,16.0,16,1.0,0,16
random_orthogonal,2,96,13,0.05552274209292038,0.06808938397944565,16.0,16,1.0,0,16
random_orthogonal,2,96,14,0.06757609674149664,0.08103819883233483,16.0,16,1.0,0,16
random_orthogonal,2,96,15,0.0662651746982008,0.07648727561387486,16.0,16,1.0,0,16
random_orthogonal,2,96,16,0.06811919592739293,0.08249304108329247,16.0,16,1.0,0,16
random_orthogonal,2,96,17,0.04331739520146672,0.058787731455366025,16.0,16,1.0,0,16
random_orthogonal,2,96,18,0.05930045048646666,0.0730222474277101,16.0,16,1.0,0,16
random_orthogonal,2,96,19,0.041018959624393725,0.05040763233162342,16.0,16,1.0,0,16
random_orthogonal,2,96,20,0.06471958688635818,0.07828950980843274,16.0,16,1.0,0,16
random_orthogonal,2,96,21,0.07152122062246748,0.0824997490349667,16.0,16,1.0,0,16
random_orthogonal,2,96,22,0.060780903060239345,0.07261068103129187,16.0,16,1.0,0,16
random_orthogonal,2,96,23,0.06532387425917287,0.07704526639581975,16.0,16,1.0,0,16
random_orthogonal,2,96,24,0.03917797658736693,0.052124541566139555,16.0,16,1.0,0,16
random_orthogonal,2,96,25,0.06398036000012496,0.07666458350815243,16.0,16,1.0,0,16
random_orthogonal,2,96,26,0.07602695787168773,0.10186121532479726,16.0,16,1.0,0,16
random_orthogonal,2,96,27,0.06786269175645299,0.09027044996361493,16.0,16,1.0,0,16
random_orthogonal,2,96,28,0.07286798273107375,0.08539474264110837,16.0,16,1.0,0,16
random_orthogonal,2,96,29,0.07064525948704643,0.1019396934360137,16.0,16,1.0,0,16
random_orthogonal,2,96,30,0.05488468624335981,0.07457901478448371,16.0,16,1.0,0,16
random_orthogonal,2,96,31,0.06811045418858815,0.10109810277973015,16.0,16,1.0,0,16
random_orthogonal,2,96,32,0.05344359479407423,0.0768660725901609,16.0,16,1.0,0,16
random_orthogonal,2,96,33,0.06181082326301725,0.10622193388816857,16.0,16,1.0,0,16
random_orthogonal,2,96,34,0.030634510685529477,0.04949931433807132,16.0,16,1.0,0,16
random_orthogonal,2,96,35,0.023936085998076614,0.03269141085548607,16.0,16,1.0,0,16
random_orthogonal,4,96,0,0.007816789509160975,0.007986881130173713,16.0,16,1.0,0,32
random_orthogonal,4,96,1,0.017638870868770896,0.01899556132393576,16.0,16,1.0,0,32
random_orthogonal,4,96,2,0.02311024393440234,0.02699902236012591,16.0,16,1.0,0,32
random_orthogonal,4,96,3,0.02310930691098624,0.02631272165703157,16.0,16,1.0,0,32
random_orthogonal,4,96,4,0.03084939363039023,0.0379368628403874,16.0,16,1.0,0,32
random_orthogonal,4,96,5,0.03179591882289244,0.03507640841557978,16.0,16,1.0,0,32
random_orthogonal,4,96,6,0.04517724760081978,0.048644480777398025,16.0,16,1.0,0,32
random_orthogonal,4,96,7,0.05654357825683722,0.06051322656655307,16.0,16,1.0,0,32
random_orthogonal,4,96,8,0.06769625881256709,0.07471297425935082,16.0,16,1.0,0,32
random_orthogonal,4,96,9,0.06970874275948287,0.08736567067116227,16.0,16,1.0,0,32
random_orthogonal,4,96,10,0.06604127740748926,0.08010983326890214,16.0,16,1.0,0,32
random_orthogonal,4,96,11,0.059780546814971296,0.07663974774864588,16.0,16,1.0,0,32
random_orthogonal,4,96,12,0.042600010906107676,0.053625411602772954,16.0,16,1.0,0,32
random_orthogonal,4,96,13,0.049185067837981364,0.06090017361828147,16.0,16,1.0,0,32
random_orthogonal,4,96,14,0.060483718975304246,0.07287540874855641,16.0,16,1.0,0,32
random_orthogonal,4,96,15,0.059807041701894395,0.06943409945657018,16.0,16,1.0,0,32
random_orthogonal,4,96,16,0.061370358183513725,0.0746258550769102,16.0,16,1.0,0,32
random_orthogonal,4,96,17,0.03871745515663379,0.052795074654776356,16.0,16,1.0,0,32
random_orthogonal,4,96,18,0.05341951144683111,0.06634975294568096,16.0,16,1.0,0,32
random_orthogonal,4,96,19,0.036061548562807993,0.044467291594334664,16.0,16,1.0,0,32
random_orthogonal,4,96,20,0.058302073966258396,0.07097610214060134,16.0,16,1.0,0,32
random_orthogonal,4,96,21,0.06419093292078358,0.07436839608304775,16.0,16,1.0,0,32
random_orthogonal,4,96,22,0.054579334932435546,0.06550072345711581,16.0,16,1.0,0,32
random_orthogonal,4,96,23,0.05828411082189783,0.06895871240961839,16.0,16,1.0,0,32
random_orthogonal,4,96,24,0.033935189267047236,0.044911736451988475,16.0,16,1.0,0,32
random_orthogonal,4,96,25,0.05706741360511399,0.06902258182607773,16.0,16,1.0,0,32
random_orthogonal,4,96,26,0.06816186113666457,0.09242943674566384,16.0,16,1.0,0,32
random_orthogonal,4,96,27,0.060540110829590474,0.08153203217270673,16.0,16,1.0,0,32
random_orthogonal,4,96,28,0.06550860860497329,0.07743332297295778,16.0,16,1.0,0,32
random_orthogonal,4,96,29,0.06296344676442818,0.09250545890640062,16.0,16,1.0,0,32
random_orthogonal,4,96,30,0.04914484554451087,0.06694012930298408,16.0,16,1.0,0,32
random_orthogonal,4,96,31,0.060801700127465906,0.09040942508238035,16.0,16,1.0,0,32
random_orthogonal,4,96,32,0.04704638400232544,0.06828487375095454,16.0,16,1.0,0,32
random_orthogonal,4,96,33,0.05488144207464788,0.09520257436912122,16.0,16,1.0,0,32
random_orthogonal,4,96,34,0.027331184143627434,0.044384728011704,16.0,16,1.0,0,32
random_orthogonal,4,96,35,0.021890297515711622,0.030150879766360363,16.0,16,1.0,0,32
random_orthogonal,6,96,0,0.007299709017780014,0.00746220093325104,16.0,16,1.0,0,48
random_orthogonal,6,96,1,0.016431521761284238,0.01770045461336053,16.0,16,1.0,0,48
random_orthogonal,6,96,2,0.021860786399001596,0.0256152160457302,16.0,16,1.0,0,48
random_orthogonal,6,96,3,0.021802394784384303,0.024806343792187976,16.0,16,1.0,0,48
random_orthogonal,6,96,4,0.029261493546704005,0.03602926055962325,16.0,16,1.0,0,48
random_orthogonal,6,96,5,0.02990165439230476,0.03300172465484779,16.0,16,1.0,0,48
random_orthogonal,6,96,6,0.042786509411068666,0.04609681975821774,16.0,16,1.0,0,48
random_orthogonal,6,96,7,0.053657517181258586,0.05745755242510899,16.0,16,1.0,0,48
random_orthogonal,6,96,8,0.06456741582871597,0.07134511031086536,16.0,16,1.0,0,48
random_orthogonal,6,96,9,0.06638289982366002,0.08326911225953673,16.0,16,1.0,0,48
random_orthogonal,6,96,10,0.06290148215746509,0.07654170119990109,16.0,16,1.0,0,48
random_orthogonal,6,96,11,0.056929556428905834,0.07322978896169147,16.0,16,1.0,0,48
random_orthogonal,6,96,12,0.040254546023493216,0.05072968392687767,16.0,16,1.0,0,48
random_orthogonal,6,96,13,0.046574508069442674,0.057962035217696266,16.0,16,1.0,0,48
random_orthogonal,6,96,14,0.0574883700920855,0.06943849579369782,16.0,16,1.0,0,48
random_orthogonal,6,96,15,0.056830738594025224,0.06619649354962853,16.0,16,1.0,0,48
random_orthogonal,6,96,16,0.05852505888225216,0.07132558103682897,16.0,16,1.0,0,48
random_orthogonal,6,96,17,0.03675587756156201,0.05022060016856676,16.0,16,1.0,0,48
random_orthogonal,6,96,18,0.0508475592411323,0.06341871414879338,16.0,16,1.0,0,48
random_orthogonal,6,96,19,0.03428818083999636,0.04232817674175625,16.0,16,1.0,0,48
random_orthogonal,6,96,20,0.05564052751745493,0.06791809084416457,16.0,16,1.0,0,48
random_orthogonal,6,96,21,0.06111783819794076,0.07092405160559495,16.0,16,1.0,0,48
random_orthogonal,6,96,22,0.05205321375614583,0.06260330922771272,16.0,16,1.0,0,48
random_orthogonal,6,96,23,0.05552817306424189,0.06577585391701095,16.0,16,1.0,0,48
random_orthogonal,6,96,24,0.03199580542911495,0.04229538017247209,16.0,16,1.0,0,48
random_orthogonal,6,96,25,0.05442709892850746,0.06610813447835828,16.0,16,1.0,0,48
random_orthogonal,6,96,26,0.06495206029178101,0.08861841249859687,16.0,16,1.0,0,48
random_orthogonal,6,96,27,0.057592890351179524,0.07805102374177422,16.0,16,1.0,0,48
random_orthogonal,6,96,28,0.06268194744209434,0.07438176590143297,16.0,16,1.0,0,48
random_orthogonal,6,96,29,0.05987846582924004,0.08858587493429886,16.0,16,1.0,0,48
random_orthogonal,6,96,30,0.04693582456256736,0.06405427420865238,16.0,16,1.0,0,48
random_orthogonal,6,96,31,0.05782510164108479,0.0860533050073027,16.0,16,1.0,0,48
random_orthogonal,6,96,32,0.04452746552632116,0.06493069073905855,16.0,16,1.0,0,48
random_orthogonal,6,96,33,0.05152036863619896,0.0896723596413496,16.0,16,1.0,0,48
random_orthogonal,6,96,34,0.025780116258794696,0.04198438151425467,16.0,16,1.0,0,48
random_orthogonal,6,96,35,0.020880204182222264,0.02888994992760264,16.0,16,1.0,0,48
random_orthogonal,8,96,0,0.007038129726987715,0.00719549617922234,16.0,16,1.0,0,64
random_orthogonal,8,96,1,0.015939050278897037,0.017168851795375164,16.0,16,1.0,0,64
random_orthogonal,8,96,2,0.021318601706116384,0.025010970933392555,16.0,16,1.0,0,64
random_orthogonal,8,96,3,0.021234500320650173,0.024150243138042482,16.0,16,1.0,0,64
random_orthogonal,8,96,4,0.02855139947428841,0.03514802546868307,16.0,16,1.0,0,64
random_orthogonal,8,96,5,0.02904166054620225,0.03204693502683322,16.0,16,1.0,0,64
random_orthogonal,8,96,6,0.04169211893692212,0.04493475727825452,16.0,16,1.0,0,64
random_orthogonal,8,96,7,0.05227136788705798,0.05599329037223368,16.0,16,1.0,0,64
random_orthogonal,8,96,8,0.063079481096826,0.06974149725835528,16.0,16,1.0,0,64
random_orthogonal,8,96,9,0.06479270163813497,0.08125071647861534,16.0,16,1.0,0,64
random_orthogonal,8,96,10,0.06138511216848216,0.0748211810341986,16.0,16,1.0,0,64
random_orthogonal,8,96,11,0.0555343393551992,0.0715584082904732,16.0,16,1.0,0,64
random_orthogonal,8,96,12,0.03907423439105805,0.04929030942852925,16.0,16,1.0,0,64
random_orthogonal,8,96,13,0.045256797307667074,0.056515650870307785,16.0,16,1.0,0,64
random_orthogonal,8,96,14,0.05595860111082308,0.0676776784685817,16.0,16,1.0,0,64
random_orthogonal,8,96,15,0.055253473816182334,0.06448936560823496,16.0,16,1.0,0,64
random_orthogonal,8,96,16,0.057068155097474135,0.06966009644701061,16.0,16,1.0,0,64
random_orthogonal,8,96,17,0.03574778142497655,0.048891060707390084,16.0,16,1.0,0,64
random_orthogonal,8,96,18,0.04949556617777407,0.061878406443142873,16.0,16,1.0,0,64
random_orthogonal,8,96,19,0.03345156128479695,0.04132612843530522,16.0,16,1.0,0,64
random_orthogonal,8,96,20,0.05428828986868427,0.06636186059805586,16.0,16,1.0,0,64
random_orthogonal,8,96,21,0.05956629776092665,0.06918234403799271,16.0,16,1.0,0,64
random_orthogonal,8,96,22,0.05078889783153173,0.06116206432707298,16.0,16,1.0,0,64
random_orthogonal,8,96,23,0.05418948008678979,0.0642383624024208,16.0,16,1.0,0,64
random_orthogonal,8,96,24,0.031098039732005023,0.04110265771872541,16.0,16,1.0,0,64
random_orthogonal,8,96,25,0.05316077691302025,0.06470900434360334,16.0,16,1.0,0,64
random_orthogonal,8,96,26,0.0633574187138492,0.08673569074756335,16.0,16,1.0,0,64
random_orthogonal,8,96,27,0.05617039193516595,0.07634538910904008,16.0,16,1.0,0,64
random_orthogonal,8,96,28,0.061317619615034596,0.0729287460899537,16.0,16,1.0,0,64
random_orthogonal,8,96,29,0.05836784376458696,0.08657801891416902,16.0,16,1.0,0,64
random_orthogonal,8,96,30,0.04587422332568877,0.06269937243134527,16.0,16,1.0,0,64
random_orthogonal,8,96,31,0.05636069011210365,0.08394128830088352,16.0,16,1.0,0,64
random_orthogonal,8,96,32,0.04331692131284227,0.06334283916021718,16.0,16,1.0,0,64
random_orthogonal,8,96,33,0.04973662307929691,0.08667103944286797,16.0,16,1.0,0,64
random_orthogonal,8,96,34,0.02496521210399251,0.040737682655860794,16.0,16,1.0,0,64
random_orthogonal,8,96,35,0.020304334439028425,0.028169920483629124,16.0,16,1.0,0,64
random_orthogonal,12,96,0,0.006795742575665547,0.006947533748884169,16.0,16,1.0,0,96
random_orthogonal,12,96,1,0.01556914475698673,0.016769752314841232,16.0,16,1.0,0,96
random_orthogonal,12,96,2,0.020887668538834333,0.024515728659762474,16.0,16,1.0,0,96
random_orthogonal,12,96,3,0.020780232385450535,0.023624441777173256,16.0,16,1.0,0,96
random_orthogonal,12,96,4,0.027956547478698125,0.03436226688713143,16.0,16,1.0,0,96
random_orthogonal,12,96,5,0.0283247179835817,0.031227631075199998,16.0,16,1.0,0,96
random_orthogonal,12,96,6,0.04074135652979166,0.04393505478082301,16.0,16,1.0,0,96
random_orthogonal,12,96,7,0.0510613126279338,0.054709742191647044,16.0,16,1.0,0,96
random_orthogonal,12,96,8,0.061796539248480206,0.06835562246348896,16.0,16,1.0,0,96
random_orthogonal,12,96,9,0.0634021371031637,0.07943127582043326,16.0,16,1.0,0,96
random_orthogonal,12,96,10,0.060058983309381,0.07334240738462085,16.0,16,1.0,0,96
random_orthogonal,12,96,11,0.05428371856748457,0.070053782530363,16.0,16,1.0,0,96
random_orthogonal,12,96,12,0.037996929516347804,0.04800550853716523,16.0,16,1.0,0,96
random_orthogonal,12,96,13,0.04402585092810709,0.05521290693670601,16.0,16,1.0,0,96
random_orthogonal,12,96,14,0.05453750644092292,0.06603779676212351,16.0,16,1.0,0,96
random_orthogonal,12,96,15,0.053727821925513654,0.06284190567733074,16.0,16,1.0,0,96
random_orthogonal,12,96,16,0.05569852018974458,0.06813308304320528,16.0,16,1.0,0,96
random_orthogonal,12,96,17,0.03480171275066764,0.04765012208351888,16.0,16,1.0,0,96
random_orthogonal,12,96,18,0.048195492585094535,0.06038459908058106,16.0,16,1.0,0,96
random_orthogonal,12,96,19,0.03271275996177684,0.040456501800017565,16.0,16,1.0,0,96
random_orthogonal,12,96,20,0.053040081102900996,0.06493603212626263,16.0,16,1.0,0,96
random_orthogonal,12,96,21,0.058142867067211675,0.06759528325708783,16.0,16,1.0,0,96
random_orthogonal,12,96,22,0.049600294397511,0.05981643041522765,16.0,16,1.0,0,96
random_orthogonal,12,96,23,0.05300454917453363,0.06289836401951895,16.0,16,1.0,0,96
random_orthogonal,12,96,24,0.03033537841945702,0.040082762712439775,16.0,16,1.0,0,96
random_orthogonal,12,96,25,0.05203880529475209,0.06347443240588758,16.0,16,1.0,0,96
random_orthogonal,12,96,26,0.06194311970847964,0.08507664543710033,16.0,16,1.0,0,96
random_orthogonal,12,96,27,0.05491893383278198,0.07482518773947194,16.0,16,1.0,0,96
random_orthogonal,12,96,28,0.06011735384812741,0.07167803812759403,16.0,16,1.0,0,96
random_orthogonal,12,96,29,0.0569967831183729,0.0846576422748272,16.0,16,1.0,0,96
random_orthogonal,12,96,30,0.04493430960108852,0.06153519060142611,16.0,16,1.0,0,96
random_orthogonal,12,96,31,0.0550591625872401,0.08210132181189178,16.0,16,1.0,0,96
random_orthogonal,12,96,32,0.04224517310486406,0.061969327171011494,16.0,16,1.0,0,96
random_orthogonal,12,96,33,0.0480652177420626,0.08381760949253424,16.0,16,1.0,0,96
random_orthogonal,12,96,34,0.024193541160950564,0.03958415730591345,16.0,16,1.0,0,96
random_orthogonal,12,96,35,0.01972419970402387,0.02744714317974341,16.0,16,1.0,0,96
random_orthogonal,16,96,0,0.006690507708335365,0.006839364708759385,16.0,16,1.0,0,128
random_orthogonal,16,96,1,0.01543533225755005,0.01662671715430572,16.0,16,1.0,0,128
random_orthogonal,16,96,2,0.02073077467990389,0.024321681541617242,16.0,16,1.0,0,128
random_orthogonal,16,96,3,0.020609954927918117,0.02342697270700768,16.0,16,1.0,0,128
random_orthogonal,16,96,4,0.027723442126967496,0.034030955189704705,16.0,16,1.0,0,128
random_orthogonal,16,96,5,0.028053373832734433,0.030907458066674703,16.0,16,1.0,0,128
random_orthogonal,16,96,6,0.04035072087369159,0.04353013073322871,16.0,16,1.0,0,128
random_orthogonal,16,96,7,0.05057653324801986,0.0541881419099525,16.0,16,1.0,0,128
random_orthogonal,16,96,8,0.06128536087390902,0.0677985348494954,16.0,16,1.0,0,128
random_orthogonal,16,96,9,0.06283282996910887,0.07869593880618335,16.0,16,1.0,0,128
random_orthogonal,16,96,10,0.05952597537318735,0.07277355600336972,16.0,16,1.0,0,128
random_orthogonal,16,96,11,0.053769650152256855,0.0694296810502839,16.0,16,1.0,0,128
random_orthogonal,16,96,12,0.0375518861343198,0.047487278465546894,16.0,16,1.0,0,128
random_orthogonal,16,96,13,0.043498943922837895,0.0546808592139067,16.0,16,1.0,0,128
random_orthogonal,16,96,14,0.05392386311811601,0.06533294108736182,16.0,16,1.0,0,128
random_orthogonal,16,96,15,0.05303767521446455,0.062096765304070115,16.0,16,1.0,0,128
random_orthogonal,16,96,16,0.055099424382684226,0.06748654955019916,16.0,16,1.0,0,128
random_orthogonal,16,96,17,0.034395166744331504,0.04713244919932351,16.0,16,1.0,0,128
random_orthogonal,16,96,18,0.0476262216536569,0.05971203047458856,16.0,16,1.0,0,128
random_orthogonal,16,96,19,0.03240197899635392,0.0400970312661319,16.0,16,1.0,0,128
random_orthogonal,16,96,20,0.05250443184450255,0.06432496998161173,16.0,16,1.0,0,128
random_orthogonal,16,96,21,0.05752585430256001,0.06691381594074586,16.0,16,1.0,0,128
random_orthogonal,16,96,22,0.04907681171051781,0.059227884443533434,16.0,16,1.0,0,128
random_orthogonal,16,96,23,0.05252403699765448,0.06236661427628387,16.0,16,1.0,0,128
random_orthogonal,16,96,24,0.030032195192907164,0.03965743966108339,16.0,16,1.0,0,128
random_orthogonal,16,96,25,0.05157370242229305,0.06297950004093315,16.0,16,1.0,0,128
random_orthogonal,16,96,26,0.06137669205204439,0.08442202695081456,16.0,16,1.0,0,128
random_orthogonal,16,96,27,0.054398098986919545,0.07422632150940238,16.0,16,1.0,0,128
random_orthogonal,16,96,28,0.05963260971890048,0.07118321560422207,16.0,16,1.0,0,128
random_orthogonal,16,96,29,0.05640640610959589,0.08377673016001745,16.0,16,1.0,0,128
random_orthogonal,16,96,30,0.04453944680894454,0.06105066346166965,16.0,16,1.0,0,128
random_orthogonal,16,96,31,0.05452563422154745,0.08136326070342415,16.0,16,1.0,0,128
random_orthogonal,16,96,32,0.04179778678526307,0.0613859683387654,16.0,16,1.0,0,128
random_orthogonal,16,96,33,0.04735144468716703,0.08262996785196063,16.0,16,1.0,0,128
random_orthogonal,16,96,34,0.02385636541376763,0.039094286036187906,16.0,16,1.0,0,128
random_orthogonal,16,96,35,0.019462346486316756,0.027121355738075736,16.0,16,1.0,0,128
