method,rank,layer,fit_rel_mse,heldout_rel_mse
Activation-aware group SVD,64,0,0.028528202717063265,0.027441772014144727
Activation-aware group SVD,64,1,0.07646087244835521,0.07587392884883142
Activation-aware group SVD,64,2,0.08685595287003667,0.08968774309315855
Activation-aware group SVD,64,3,0.08542990458112672,0.08726036252811531
Activation-aware group SVD,64,4,0.10973764612040808,0.1194676292357386
Activation-aware group SVD,64,5,0.11669953541490477,0.12022422638108543
Activation-aware group SVD,64,6,0.15874501421134463,0.16145516260611645
Activation-aware group SVD,64,7,0.18240840592690064,0.18516006255123751
Activation-aware group SVD,64,8,0.20315740842289665,0.20778755594108775
Activation-aware group SVD,64,9,0.20808168836011728,0.22678980500743354
Activation-aware group SVD,64,10,0.20088643977426088,0.21286579203743508
Activation-aware group SVD,64,11,0.18488602303744345,0.20147704002133415
Activation-aware group SVD,64,12,0.14682091747389941,0.15803427280357785
Activation-aware group SVD,64,13,0.16463245578279112,0.17418102012756795
Activation-aware group SVD,64,14,0.19641301765145214,0.20755554260954823
Activation-aware group SVD,64,15,0.19842519604688738,0.20740511437786363
Activation-aware group SVD,64,16,0.18931456439179797,0.20214016516173483
Activation-aware group SVD,64,17,0.12938892207047886,0.14741605504760177
Activation-aware group SVD,64,18,0.16952515637918986,0.18121700200357135
Activation-aware group SVD,64,19,0.1254541545930234,0.13262207199194032
Activation-aware group SVD,64,20,0.17604886468079972,0.19083588173405086
Activation-aware group SVD,64,21,0.20061716398736004,0.20855521851695139
Activation-aware group SVD,64,22,0.1692668805871459,0.17833175069213839
Activation-aware group SVD,64,23,0.1793205991132679,0.1909781810524036
Activation-aware group SVD,64,24,0.12156529491412917,0.13656343596979065
Activation-aware group SVD,64,25,0.17503101612440713,0.18536081987798192
Activation-aware group SVD,64,26,0.20438934456751318,0.2289564071544734
Activation-aware group SVD,64,27,0.18788050155646474,0.21112361714888245
Activation-aware group SVD,64,28,0.19212220865210267,0.20278347137783578
Activation-aware group SVD,64,29,0.20522023728379837,0.23594413305601836
Activation-aware group SVD,64,30,0.14825036985517417,0.16648120234256436
Activation-aware group SVD,64,31,0.19280908537709035,0.22172228263754679
Activation-aware group SVD,64,32,0.1542808102761841,0.17000526185963197
Activation-aware group SVD,64,33,0.1984796484064832,0.22249575792745804
Activation-aware group SVD,64,34,0.09054521242397705,0.10376093226745467
Activation-aware group SVD,64,35,0.06360947366901931,0.07002828097638873
Activation-aware group SVD,96,0,0.011068022689739727,0.01065896444533612
Activation-aware group SVD,96,1,0.02416298911943428,0.023984518681046427
Activation-aware group SVD,96,2,0.03021583791745508,0.031611909169683386
Activation-aware group SVD,96,3,0.029766050665810284,0.030680425529855847
Activation-aware group SVD,96,4,0.03931172606835322,0.04322590969690127
Activation-aware group SVD,96,5,0.042007727654412116,0.04332712983666686
Activation-aware group SVD,96,6,0.05938970198282618,0.06058035602322698
Activation-aware group SVD,96,7,0.07080299831135557,0.07187507040933566
Activation-aware group SVD,96,8,0.08140052793285633,0.08388780274312743
Activation-aware group SVD,96,9,0.08446671780532601,0.09451842017495676
Activation-aware group SVD,96,10,0.0816433204190646,0.08877590802644211
Activation-aware group SVD,96,11,0.07454092150521355,0.08385952983194615
Activation-aware group SVD,96,12,0.05893458133094439,0.06496222137554256
Activation-aware group SVD,96,13,0.06606303155757058,0.07202964689607853
Activation-aware group SVD,96,14,0.08162070009295554,0.08825809286743502
Activation-aware group SVD,96,15,0.08257257874689997,0.08778874269271657
Activation-aware group SVD,96,16,0.08073382693582169,0.0877660722077877
Activation-aware group SVD,96,17,0.05308651668758363,0.062361415825090534
Activation-aware group SVD,96,18,0.07107493666850284,0.0776274466688341
Activation-aware group SVD,96,19,0.05041863294585594,0.05457415746041206
Activation-aware group SVD,96,20,0.07365425136820397,0.08139309663472263
Activation-aware group SVD,96,21,0.08419246913720992,0.08896044678969918
Activation-aware group SVD,96,22,0.07031916227638207,0.07565526257774043
Activation-aware group SVD,96,23,0.07343380653979943,0.07945940257787519
Activation-aware group SVD,96,24,0.04433293638730231,0.05080943351813606
Activation-aware group SVD,96,25,0.07120435231757997,0.07794806213347738
Activation-aware group SVD,96,26,0.08380366073950886,0.0987600676824608
Activation-aware group SVD,96,27,0.07617780289649365,0.08962338346761944
Activation-aware group SVD,96,28,0.07943961279615432,0.08653365827177185
Activation-aware group SVD,96,29,0.08155590192918623,0.09896409423158044
Activation-aware group SVD,96,30,0.06026908514707483,0.0712271199586192
Activation-aware group SVD,96,31,0.07785208858176774,0.0928854539283828
Activation-aware group SVD,96,32,0.06034980359361266,0.06948113157384542
Activation-aware group SVD,96,33,0.08016303422569207,0.09479346052800669
Activation-aware group SVD,96,34,0.03683912506936011,0.04488841138635222
Activation-aware group SVD,96,35,0.02743030278233776,0.03160728223803803
Joint C1,64,0,0.01983115174190043,0.019933606074921357
Joint C1,64,1,0.050731557172268925,0.05364587749257851
Joint C1,64,2,0.06127618501342815,0.06893874127622192
Joint C1,64,3,0.060241387195120004,0.06700534750805577
Joint C1,64,4,0.07816564031062626,0.0931780728126203
Joint C1,64,5,0.07956171293051463,0.08622588048129162
Joint C1,64,6,0.11335675697798879,0.12018810857014102
Joint C1,64,7,0.1324787364544024,0.1398983237938942
Joint C1,64,8,0.15569870033165056,0.1685854561339729
Joint C1,64,9,0.15996172913957832,0.1928054901697903
Joint C1,64,10,0.1523128209577541,0.1780519791365082
Joint C1,64,11,0.1369781967987569,0.16821789426279463
Joint C1,64,12,0.09672810452058207,0.11766650752170833
Joint C1,64,13,0.11164579178789563,0.1333961623485972
Joint C1,64,14,0.13508855482709445,0.1574513981632293
Joint C1,64,15,0.13122273772383247,0.14865759142988902
Joint C1,64,16,0.13589602795113648,0.16028935844555825
Joint C1,64,17,0.08612376487536713,0.11297765278802978
Joint C1,64,18,0.11751019260229438,0.1407520512495027
Joint C1,64,19,0.08464201124188618,0.10035139336900888
Joint C1,64,20,0.12883486844017628,0.15153596986438447
Joint C1,64,21,0.1422724969073151,0.1604498569411016
Joint C1,64,22,0.12316884724585785,0.142817671303655
Joint C1,64,23,0.13365746083036054,0.15392509228288226
Joint C1,64,24,0.08349413751442253,0.10739827657162435
Joint C1,64,25,0.13060721432440187,0.1524343717421161
Joint C1,64,26,0.15471484841167193,0.20017716120321563
Joint C1,64,27,0.13781082623888827,0.177773167909513
Joint C1,64,28,0.14812089149790383,0.1692656361043141
Joint C1,64,29,0.14616019121484522,0.2016010773946651
Joint C1,64,30,0.11150353799651937,0.14617349399069235
Joint C1,64,31,0.14030260009340492,0.19934649389727996
Joint C1,64,32,0.11044541155803618,0.15089976826172055
Joint C1,64,33,0.1246418284154718,0.20033746849423228
Joint C1,64,34,0.06052920774178229,0.09238228946562134
Joint C1,64,35,0.04659335945624622,0.06197585265743409
Joint C1,96,0,0.006589398523802889,0.006732225717860397
Joint C1,96,1,0.015293000793731608,0.01648238734872343
Joint C1,96,2,0.020545765882443178,0.0239922933103659
Joint C1,96,3,0.02039526365178117,0.023195266280714038
Joint C1,96,4,0.027466642486983613,0.03360867686370645
Joint C1,96,5,0.027780683940043793,0.030633385131343158
Joint C1,96,6,0.03991814156124107,0.04314491721960845
Joint C1,96,7,0.04999289405038605,0.053572880748088525
Joint C1,96,8,0.06060045978291793,0.06706751529865526
Joint C1,96,9,0.06223332250835611,0.07804839014452203
Joint C1,96,10,0.0589287006975907,0.07213246934044494
Joint C1,96,11,0.05319232586801289,0.06877555609419093
Joint C1,96,12,0.03714373279693688,0.046971951285385234
Joint C1,96,13,0.042921919533546626,0.05423835020284665
Joint C1,96,14,0.053289687205564026,0.06471026863589494
Joint C1,96,15,0.052222947628559856,0.06130374941145081
Joint C1,96,16,0.05445983787428774,0.06679792889165373
Joint C1,96,17,0.033975105216511134,0.04667039321817946
Joint C1,96,18,0.047003008174496874,0.058922975094273494
Joint C1,96,19,0.032124711039701014,0.03973208039174029
Joint C1,96,20,0.051921812559645564,0.06359154419557013
Joint C1,96,21,0.056820389045592584,0.06626952038366951
Joint C1,96,22,0.04852981581427905,0.05857459140223647
Joint C1,96,23,0.05205409015456793,0.06191490212307222
Joint C1,96,24,0.029685435493646654,0.03912393616295782
Joint C1,96,25,0.05099810395774554,0.06248712681860764
Joint C1,96,26,0.06068531939522631,0.08373120045259508
Joint C1,96,27,0.0538162870043848,0.07393607196122005
Joint C1,96,28,0.059090931248187185,0.07062561544727766
Joint C1,96,29,0.055669478483239755,0.08299848692986682
Joint C1,96,30,0.04403207405736687,0.060432890108763515
Joint C1,96,31,0.053930380516505325,0.08076822194908659
Joint C1,96,32,0.04129407952343046,0.060687184217791554
Joint C1,96,33,0.04646846405838752,0.08161828922958043
Joint C1,96,34,0.023509459149359428,0.038511023973136924
Joint C1,96,35,0.019144287186059355,0.026857354366987454
