model,method,rank,calibration_context,document,overall_nll,delta_nll,nll_0_8k,nll_8_32k,nll_32_64k,nll_64_128k,delta_nll_0_8k,delta_nll_8_32k,delta_nll_32_64k,delta_nll_64_128k
Qwen3-8B-Base,Dense,128,,0,2.4086418643345118,0.0,1.8749288680565652,2.6043622776002007,2.484694925382118,2.3639261595567893,0.0,0.0,0.0,0.0
Qwen3-8B-Base,Dense,128,,1,2.666680077576652,0.0,2.693816209766841,2.9941283315643914,2.656179057256302,2.5457458900321694,0.0,0.0,0.0,0.0
Qwen3-8B-Base,Dense,128,,2,2.5574769711526604,0.0,2.3818866162349672,2.617811299450126,2.2939009604357894,2.6885857184680715,0.0,0.0,0.0,0.0
Qwen3-8B-Base,Dense,128,,3,2.3105229007484636,0.0,0.7712399143394283,2.359737719588484,2.1823403050424193,2.548545527243211,0.0,0.0,0.0,0.0
Qwen3-8B-Base,Dense,128,,4,2.081737267122405,0.0,1.9218005134142495,1.9601421773639676,2.056271814363437,2.160057805933634,0.0,0.0,0.0,0.0
Qwen3-8B-Base,Dense,128,,5,2.4361421424888388,0.0,2.478099461240768,2.1002147061512657,2.4598392832660174,2.545022336100725,0.0,0.0,0.0,0.0
Qwen3-8B-Base,Dense,128,,6,2.166135431171963,0.0,2.139701462276358,1.7826741356270908,2.332668942270428,2.2299705042136537,0.0,0.0,0.0,0.0
Qwen3-8B-Base,Dense,128,,7,2.454945993991798,0.0,2.226806867398673,2.088568779092695,2.6337343830254336,2.5314571647594755,0.0,0.0,0.0,0.0
Qwen3-8B-Base,Joint C1,64,2048,0,2.6786479289555323,0.2700060646210205,1.9552327897829764,2.7488563871202367,2.722678269571805,2.7207204407931878,0.08030392172641121,0.14449410952003605,0.23798334418968725,0.35679428123639845
Qwen3-8B-Base,Joint C1,64,2048,1,2.958634633200109,0.29195455562345707,2.8217768346270597,3.185387966959602,2.880576150876332,2.9297365107395383,0.12796062486021853,0.19125963539521074,0.2243970936200297,0.3839906207073689
Qwen3-8B-Base,Joint C1,64,2048,2,2.8471902692845537,0.2897132981318933,2.4939926594853405,2.8782432910522213,2.540286045091826,3.0331418100751186,0.11210604325037332,0.2604319916020952,0.24638508465603648,0.34455609160704714
Qwen3-8B-Base,Joint C1,64,2048,3,2.6180554556411177,0.3075325548926542,0.837191015720387,2.554642577091476,2.4457652652448285,2.9505612614506327,0.06595110138095872,0.1949048575029919,0.26342496020240924,0.40201573420742154
Qwen3-8B-Base,Joint C1,64,2048,4,2.3408980779272475,0.25916081080484243,2.0106783987368635,2.104844222673602,2.316540018081795,2.4828697247164593,0.08887788532261398,0.1447020453096346,0.2602682037183581,0.3228119187828251
Qwen3-8B-Base,Joint C1,64,2048,5,2.7138852403377323,0.2777430978488935,2.6027328761430724,2.275839181846829,2.7449224326654567,2.8765262655818127,0.12463341490230428,0.1756244756955634,0.28508314939943924,0.33150392948108776
Qwen3-8B-Base,Joint C1,64,2048,6,2.429535924690925,0.263400493518962,2.225890298584197,1.9469139522628736,2.5674159427166474,2.567031751216272,0.08618883630783891,0.1642398166357828,0.23474700044621954,0.3370612470026182
Qwen3-8B-Base,Joint C1,64,2048,7,2.7628092841143306,0.30786329012253244,2.3367408508560388,2.240279808663357,2.916028039627634,2.935400512520731,0.1099339834573656,0.15171102957066207,0.2822936566022003,0.40394334776125573
Qwen3-8B-Base,Joint C1,96,2048,0,2.488618617545718,0.07997675321120612,1.8912590673119785,2.634548694777439,2.558243348696472,2.4737433018042916,0.016330199255413236,0.030186417177238134,0.0735484233143544,0.10981714224750228
Qwen3-8B-Base,Joint C1,96,2048,1,2.742515372790116,0.075835295213464,2.7186331477978825,3.0281845341357876,2.7021579587582942,2.6585530580115955,0.024816938031041236,0.03405620257139619,0.04597890150199202,0.11280716797942603
Qwen3-8B-Base,Joint C1,96,2048,2,2.6459499742047066,0.0884730030520462,2.4054730814174934,2.6856917292595415,2.366578567394229,2.8007884616766026,0.023586465182526162,0.06788042980941533,0.07267760695843961,0.11220274320853107
Qwen3-8B-Base,Joint C1,96,2048,3,2.3938847900624953,0.08336188931403177,0.7831591015547601,2.403953231822705,2.2466314724405767,2.665051916553324,0.011919187215331806,0.044215512234221155,0.06429116739815743,0.11650638931011281
Qwen3-8B-Base,Joint C1,96,2048,4,2.1572219607265026,0.0754846936040976,1.9415925535078606,1.9880687726498756,2.1255160482302653,2.263457748162047,0.01979204009361113,0.027926595285908018,0.06924423386682843,0.10339994222841264
Qwen3-8B-Base,Joint C1,96,2048,5,2.5163694982941247,0.08022735580528595,2.5101146997097126,2.1379105001608534,2.5313738006438267,2.65157122580165,0.032015238468944496,0.03769579400958767,0.07153451737780925,0.10654888970092502
Qwen3-8B-Base,Joint C1,96,2048,6,2.2353215125172636,0.06918608134530047,2.1591433206304065,1.8200908454899862,2.392700568055459,2.321864596482291,0.019441858354048325,0.03741670986289547,0.060031625785031295,0.0918940922686371
Qwen3-8B-Base,Joint C1,96,2048,7,2.533139833086427,0.07819383909462907,2.24725051295133,2.120286437386263,2.688908017431852,2.6458075669933323,0.020443645552656875,0.031717658293568096,0.055173634406418426,0.11435040223385684
Qwen3-8B-Base,Joint C1,64,8192,0,2.619323605183988,0.2106817408494761,1.9543952848815038,2.724781511310059,2.678403690638486,2.6333427416962913,0.0794664168249386,0.12041923370985819,0.19370876525636804,0.26941658213950204
Qwen3-8B-Base,Joint C1,64,8192,1,2.8887520784180456,0.22207200084139345,2.8222576851766146,3.163019690452167,2.8124274585756477,2.8323748183577075,0.12844147540977335,0.1688913588877754,0.15624840131934548,0.2866289283255381
Qwen3-8B-Base,Joint C1,64,8192,2,2.7889711784769684,0.23149420732430803,2.4947960656312955,2.8468458017221785,2.486618738844521,2.955211814925953,0.1129094493963283,0.22903450227205235,0.19271777840873172,0.2666260964578817
Qwen3-8B-Base,Joint C1,64,8192,3,2.533424793950008,0.22290189320154452,0.8348821561721944,2.519227662173366,2.3727496987906584,2.8313781779643263,0.06364224183276612,0.15948994258488192,0.19040939374823918,0.2828326507211152
Qwen3-8B-Base,Joint C1,64,8192,4,2.2827268824956426,0.20098961537323756,2.0067252083175484,2.0985261123325185,2.2493546802510758,2.402984270250032,0.0849246949032989,0.13838393496855095,0.1930828658876389,0.24292646431639797
Qwen3-8B-Base,Joint C1,64,8192,5,2.6557122140308436,0.2195700715420048,2.5998537782168385,2.2503245502002085,2.674578653560127,2.8052808203473516,0.12175431697607042,0.1501098440489428,0.2147393702941094,0.2602584842466267
Qwen3-8B-Base,Joint C1,64,8192,6,2.3753442521273866,0.20920882095542348,2.2256787640587596,1.9279646586093622,2.5261309565921737,2.486424149758718,0.08597730178240148,0.1452905229822714,0.1934620143217458,0.2564536455450641
Qwen3-8B-Base,Joint C1,64,8192,7,2.6862400438152796,0.23129404982348145,2.333634381075813,2.215407802262478,2.8408063066541676,2.829589330485139,0.10682751367713994,0.12683902316978335,0.20707192362873394,0.2981321657256637
Qwen3-8B-Base,Joint C1,96,8192,0,2.460854258531277,0.05221239419676538,1.8881940911013757,2.63268173276694,2.5294221263499277,2.433708804611617,0.013265223044810481,0.02831945516673917,0.04472720096780991,0.06978264505482779
Qwen3-8B-Base,Joint C1,96,8192,1,2.7122138961465154,0.04553381856986327,2.72004961253471,3.0211495572720666,2.672137958903341,2.61542164686104,0.026233402767868785,0.02702122570767518,0.015958901647038726,0.0696757568288704
Qwen3-8B-Base,Joint C1,96,8192,2,2.62037955658223,0.0629025854295695,2.4039600288850242,2.67068593402451,2.34894129390893,2.764282935040253,0.022073412650057023,0.052874634574383794,0.055040333473140635,0.07569721657218142
Qwen3-8B-Base,Joint C1,96,8192,3,2.3632652288841105,0.05274232813564694,0.7828093338573738,2.393272478210395,2.2163437076667494,2.623006142030652,0.011569419517945545,0.03353475862191102,0.034003402624330104,0.0744606147874407
Qwen3-8B-Base,Joint C1,96,8192,4,2.1337790025038483,0.0520417353814433,1.9404982004912352,1.9836804521404308,2.1055834722286555,2.2283208750483148,0.018697687076985714,0.023538274776463197,0.04931165786521863,0.06826306911468061
Qwen3-8B-Base,Joint C1,96,8192,5,2.490151530524849,0.054009388036010186,2.5091208616894884,2.1294495945887815,2.50574310285022,2.6152480933916316,0.03102140044872037,0.02923488843751576,0.045903819584202754,0.07022575729090663
Qwen3-8B-Base,Joint C1,96,8192,6,2.2114863228308925,0.04535089165892936,2.158396007626678,1.8125226970321153,2.3697292828056575,2.288611681824658,0.018694545350320002,0.029848561405024565,0.03706034053522966,0.05864117761100429
Qwen3-8B-Base,Joint C1,96,8192,7,2.5080017709419016,0.05305577695010344,2.2459971677628454,2.109876307007187,2.6643250551193565,2.6118837553531007,0.01919030036417224,0.021307527914492308,0.030590672093922855,0.08042659059362522
Qwen3-8B-Base,Joint C1,64,32768,0,2.5819922595955633,0.17335039526105156,1.9538883426176212,2.747051337027298,2.6327637704109916,2.5732127556680124,0.07895947456105601,0.1426890594270973,0.14806884502887385,0.20928659611122313
Qwen3-8B-Base,Joint C1,64,32768,1,2.838029507418874,0.171349429842222,2.821604387217456,3.1625121591748204,2.75476680472202,2.760032753756554,0.12778817745061488,0.16838382761042903,0.09858774746571797,0.21428686372438444
Qwen3-8B-Base,Joint C1,64,32768,2,2.7484653887696693,0.1909884176170089,2.4937413501414154,2.8171675570199,2.461513125668985,2.898014825274332,0.11185473390644818,0.19935625756977382,0.16761216523319566,0.20942910680626037
Qwen3-8B-Base,Joint C1,64,32768,3,2.4921133118031182,0.18159041105465468,0.8336223793858958,2.5084660895670075,2.3391175481154414,2.769764961974351,0.062382465046467495,0.14872836997852357,0.1567772430730221,0.22121943473114003
Qwen3-8B-Base,Joint C1,64,32768,4,2.2370175948012476,0.1552803276788426,2.010190409924412,2.0832441192823246,2.1982601137098605,2.3424113256679737,0.08838989651016238,0.123101941918357,0.14198829934642365,0.18235351973433955
Qwen3-8B-Base,Joint C1,64,32768,5,2.600991705580666,0.1648495630918272,2.6017903585534516,2.2334841673195363,2.6259488809301743,2.726228625318714,0.12369089731268357,0.13326946116827054,0.1661095976641569,0.1812062892179891
Qwen3-8B-Base,Joint C1,64,32768,6,2.3360591375198148,0.1699237063478516,2.2243397559111036,1.9212069554065803,2.4967809532609806,2.425231015940305,0.0846382936347454,0.1385328197794895,0.16411201099055273,0.1952605117266515
Qwen3-8B-Base,Joint C1,64,32768,7,2.6381924226885323,0.18324642869673413,2.3331573078450063,2.2209122987770296,2.804093354480769,2.7498467381481944,0.10635044044633313,0.13234351968433478,0.17035897145533552,0.2183895733887189
Qwen3-8B-Base,Joint C1,96,32768,0,2.4558584812201607,0.04721661688564893,1.8882434455200736,2.6435104763233244,2.5212220410007653,2.423750421510584,0.013314577463508392,0.039148198723123695,0.03652711561864752,0.05982426195379453
Qwen3-8B-Base,Joint C1,96,32768,1,2.714704651624801,0.04802457404814886,2.7201895510058702,3.0327195878627147,2.682058685712487,2.6110865047620297,0.026373341239029013,0.03859125629832327,0.025879628456184633,0.0653406147298603
Qwen3-8B-Base,Joint C1,96,32768,2,2.6205271317158934,0.06305016056323298,2.4046743226030696,2.6720227070957017,2.3554300295940958,2.7607431494959838,0.022787706368102345,0.05421140764557553,0.06152906915830636,0.07215743102791228
Qwen3-8B-Base,Joint C1,96,32768,3,2.3646980812032408,0.054175180454777205,0.7829909387686532,2.396437942958768,2.230247794161283,2.6177100344345745,0.011751024429224932,0.036700223370284224,0.047907489118863555,0.06916450719136336
Qwen3-8B-Base,Joint C1,96,32768,4,2.1252558185242045,0.0435185514017995,1.9435277777214623,1.9871325433982043,2.0955607630842676,2.214612806566924,0.021727264307212835,0.026990366034236768,0.039288948720830774,0.054555000633289996
Qwen3-8B-Base,Joint C1,96,32768,5,2.484762631222609,0.04862048873377045,2.510337604118361,2.131437461112514,2.508234121600239,2.6023273434562273,0.03223814287759286,0.031222754961248267,0.048394838334221646,0.05730500735550237
Qwen3-8B-Base,Joint C1,96,32768,6,2.211081936936356,0.04494650576439296,2.157456184931435,1.8134367288987387,2.3792955060130785,2.2827945061486776,0.017754722655076716,0.030762593271647987,0.04662656374265062,0.0528240019350239
Qwen3-8B-Base,Joint C1,96,32768,7,2.508421356531062,0.05347536253926366,2.247397979243984,2.119053391880422,2.6810514248192714,2.600743248391177,0.020591111845310817,0.030484612787727183,0.04731704179383778,0.06928608363170152
Qwen3-8B-Base,Joint C1,64,131072,0,2.5662693169288913,0.1576274525943795,1.9561470525330995,2.7488513689934373,2.6205737672309564,2.5469047955761934,0.08121818447653428,0.14448909139323662,0.13587884184883858,0.18297863601940412
Qwen3-8B-Base,Joint C1,64,131072,1,2.8338646359322355,0.16718455835558332,2.817527586784079,3.1630157410998847,2.7703592806151787,2.744227531012829,0.123711377017238,0.1688874095354933,0.11418022335887645,0.19848164098065935
Qwen3-8B-Base,Joint C1,64,131072,2,2.736338236503679,0.17886126535101843,2.4933573146100745,2.8163838752227655,2.460009247571212,2.874854524092323,0.11147069837510726,0.19857257577263931,0.16610828713542247,0.1862688056242514
Qwen3-8B-Base,Joint C1,64,131072,3,2.4857033378354805,0.17518043708701692,0.8363422339502078,2.516245844423184,2.3372904519268918,2.7546013115518733,0.0651023196107795,0.1565081248347,0.1549501468844725,0.20605578430866212
Qwen3-8B-Base,Joint C1,64,131072,4,2.2219546328860216,0.14021736576361654,2.00899702573873,2.0850125713532415,2.1860094620581196,2.3178969427929697,0.08719651232448067,0.12487039398927391,0.12973764769468277,0.15783913685933548
Qwen3-8B-Base,Joint C1,64,131072,5,2.58864513299936,0.1525029905105213,2.60221175622424,2.2333832484011453,2.6169456748852706,2.706022447887867,0.1241122949834721,0.13316854224987962,0.15710639161925322,0.16100011178714224
Qwen3-8B-Base,Joint C1,64,131072,6,2.3229249335715525,0.15678950239958933,2.22639767014498,1.918043972109093,2.487427424386844,2.4045684837514987,0.08669620786862176,0.13536983648200218,0.1547584821164163,0.17459797953784495
Qwen3-8B-Base,Joint C1,64,131072,7,2.6290671526851637,0.17412115869336553,2.329660311642941,2.225891384790813,2.8012348606424347,2.7315954982113566,0.10285344424426768,0.13732260569811805,0.16750047761700104,0.20013833345188115
Qwen3-8B-Base,Joint C1,96,131072,0,2.4527687309720427,0.04412686663753096,1.8903053333026327,2.6460896095403674,2.5214612223130626,2.416226498036747,0.015376465246067506,0.041727331940166756,0.0367662969309448,0.05230033847995763
Qwen3-8B-Base,Joint C1,96,131072,1,2.7157144397377855,0.04903436216113333,2.7178650106400686,3.038383192365868,2.694467181601215,2.6050684980228622,0.02404880087322736,0.04425486080147678,0.03828812434491269,0.05932260799069278
Qwen3-8B-Base,Joint C1,96,131072,2,2.6145191109385766,0.05704213978591621,2.405809578995667,2.673472084877337,2.3558058033752713,2.7478539063313345,0.02392296276069983,0.05566078542721087,0.06190484293948195,0.059268187863263044
Qwen3-8B-Base,Joint C1,96,131072,3,2.361723847558813,0.05120094681034937,0.7846867211349128,2.4038990149334603,2.231181672164882,2.608284824616417,0.01344680679548449,0.04416129534497637,0.048841367122462565,0.059739297373206046
Qwen3-8B-Base,Joint C1,96,131072,4,2.1190144573500334,0.03727719022762832,1.943395044489342,1.9887974009353897,2.0932560396431366,2.202674809226984,0.02159453107509246,0.02865522357142214,0.03698422527969969,0.04261700329334994
Qwen3-8B-Base,Joint C1,96,131072,5,2.479913857120346,0.04377171463150731,2.5107845197570393,2.133705820571476,2.5057989228452917,2.5929409761830424,0.03268505851627124,0.033491114420210355,0.04595963957927429,0.0479186400823175
Qwen3-8B-Base,Joint C1,96,131072,6,2.208105114474446,0.04196968330248296,2.1614459447263457,1.8151985872435688,2.379105142732967,2.275776732312848,0.0217444824499875,0.03252445161647799,0.046436200462538935,0.045806228099194435
Qwen3-8B-Base,Joint C1,96,131072,7,2.503207090662562,0.04826109667076395,2.2467012407258715,2.1209451883835375,2.6841755431254772,2.588130395059167,0.019894373327198345,0.032376409290842734,0.050441160100043625,0.056673230299691735
