kernel,count,total_us,mean_us
"std::enable_if<!(false), void>::type internal::gemvx::kernel<int, int, __nv_bfloat16, __nv_bfloat16, __nv_bfloat16, float, false, true, true, false, 7, false, cublasGemvParamsEx<int, cublasGemvTensorStridedBatched<__nv_bfloat16 const>, cublasGemvTensorStridedBatched<__nv_bfloat16 const>, cublasGemvTensorStridedBatched<__nv_bfloat16>, float> >(cublasGemvParamsEx<int, cublasGemvTensorStridedBatched<__nv_bfloat16 const>, cublasGemvTensorStridedBatched<__nv_bfloat16 const>, cublasGemvTensorStridedBatched<__nv_bfloat16>, float>)",20448,2477675.567999975,121.16957981220534
void cutlass::Kernel2<cutlass_80_tensorop_bf16_s16816gemm_bf16_64x64_64x6_nn_align2>(cutlass_80_tensorop_bf16_s16816gemm_bf16_64x64_64x6_nn_align2::Params),10160,1494059.249000011,147.05307568897746
ncclDevKernel_AllReduce_Sum_bf16_RING_LL(ncclDevKernelArgsStorage<4096ul>),10368,511115.20399996603,49.29737692900907
ncclDevKernel_AllGather_RING_LL(ncclDevKernelArgsStorage<4096ul>),10368,319297.85600002215,30.796475308644112
void cutlass::Kernel2<cutlass_80_wmma_tensorop_bf16_s161616gemm_bf16_16x16_128x1_tn_align8>(cutlass_80_wmma_tensorop_bf16_s161616gemm_bf16_16x16_128x1_tn_align8::Params),10160,306149.81700001995,30.132856003938972
void cutlass::Kernel2<cutlass_80_tensorop_bf16_s16816gemm_relu_bf16_128x256_32x3_tn_align8>(cutlass_80_tensorop_bf16_s16816gemm_relu_bf16_128x256_32x3_tn_align8::Params),160,113344.23100000012,708.4014437500007
void cutlass::Kernel2<cutlass_80_tensorop_bf16_s16816gemm_relu_bf16_256x128_32x3_nt_align8>(cutlass_80_tensorop_bf16_s16816gemm_relu_bf16_256x128_32x3_nt_align8::Params),80,71764.10499999962,897.0513124999952
"std::enable_if<(((8)>(0)))&&vllm::_typeConvert<c10::BFloat16>::exists, void>::type vllm::fused_add_rms_norm_kernel<c10::BFloat16, 8, true>(c10::BFloat16*, long, c10::BFloat16*, c10::BFloat16 const*, float, int, int, long)",20480,65444.496999909796,3.1955320800737206
kernel_diffkv_decode_sm89,10160,63647.95699999889,6.264562696850285
void cutlass::Kernel2<cutlass_80_tensorop_bf16_s16816gemm_relu_bf16_256x128_32x3_tn_align8>(cutlass_80_tensorop_bf16_s16816gemm_relu_bf16_256x128_32x3_tn_align8::Params),80,41840.662,523.0082749999999
kernel_diffkv_decode_reduce_sm89,10160,19801.61100002937,1.948977460632812
"void vllm::act_and_mul_kernel<c10::BFloat16, __nv_bfloat162, &(c10::BFloat16 vllm::silu_kernel<c10::BFloat16>(c10::BFloat16 const&, float)), &(__nv_bfloat162 vllm::packed_silu_kernel<__nv_bfloat162>(__nv_bfloat162 const&, float)), true, true, false, false>(c10::BFloat16*, c10::BFloat16 const*, int, float, float, float)",10240,18496.809999981673,1.8063291015607104
"void vllm::rotary_embedding_kernel<c10::BFloat16, c10::BFloat16, true>(long const*, c10::BFloat16*, c10::BFloat16*, c10::BFloat16 const*, int, long, long, long, int, int, int, long, bool)",10240,18436.384000016493,1.8004281250016105
"void cublasLt::splitKreduce_kernel<32, 16, int, __nv_bfloat16, __nv_bfloat16, float, __nv_bfloat16, false, __nv_bfloat16, __nv_bfloat16, __nv_bfloat16, true, false, false, false>(cublasLt::cublasSplitKParams<float>, __nv_bfloat16 const*, __nv_bfloat16 const*, __nv_bfloat16*, __nv_bfloat16*, float const*, float const*, __nv_bfloat16 const*, __nv_bfloat16 const*, __nv_bfloat16*, void*, long, float*, int*, float*, float*, float const*, float const*, float const*, float const*, float const*)",10160,14113.346999978414,1.3891089566907888
reshape_and_cache_kernel_flash_diffkv,10240,12836.496000001125,1.2535640625001099
kernel_diffkv_prefill_sm89,80,6804.78800000003,85.05985000000037
"void at::native::elementwise_kernel<128, 4, at::native::gpu_kernel_impl_nocast<at::native::direct_copy_kernel_cuda(at::TensorIteratorBase&)::{lambda()#3}::operator()() const::{lambda()#12}::operator()() const::{lambda(c10::BFloat16)#1}>(at::TensorIteratorBase&, at::native::direct_copy_kernel_cuda(at::TensorIteratorBase&)::{lambda()#3}::operator()() const::{lambda()#12}::operator()() const::{lambda(c10::BFloat16)#1} const&)::{lambda(int)#1}>(int, at::native::gpu_kernel_impl_nocast<at::native::direct_copy_kernel_cuda(at::TensorIteratorBase&)::{lambda()#3}::operator()() const::{lambda()#12}::operator()() const::{lambda(c10::BFloat16)#1}>(at::TensorIteratorBase&, at::native::direct_copy_kernel_cuda(at::TensorIteratorBase&)::{lambda()#3}::operator()() const::{lambda()#12}::operator()() const::{lambda(c10::BFloat16)#1} const&)::{lambda(int)#1})",80,1544.9749999999658,19.312187499999574
_gumbel_sample_kernel,128,1331.2419999995036,10.400328124996122
"void at::native::index_elementwise_kernel<128, 4, at::native::gpu_index_kernel<at::native::index_kernel_impl<at::native::OpaqueType<2> >(at::TensorIteratorBase&, c10::ArrayRef<long>, c10::ArrayRef<long>)::{lambda(char*, char const*, long)#1}>(at::TensorIteratorBase&, c10::ArrayRef<long>, c10::ArrayRef<long>, at::native::index_kernel_impl<at::native::OpaqueType<2> >(at::TensorIteratorBase&, c10::ArrayRef<long>, c10::ArrayRef<long>)::{lambda(char*, char const*, long)#1} const&, bool)::{lambda(int)#1}>(long, at::native::gpu_index_kernel<at::native::index_kernel_impl<at::native::OpaqueType<2> >(at::TensorIteratorBase&, c10::ArrayRef<long>, c10::ArrayRef<long>)::{lambda(char*, char const*, long)#1}>(at::TensorIteratorBase&, c10::ArrayRef<long>, c10::ArrayRef<long>, at::native::index_kernel_impl<at::native::OpaqueType<2> >(at::TensorIteratorBase&, c10::ArrayRef<long>, c10::ArrayRef<long>)::{lambda(char*, char const*, long)#1} const&, bool)::{lambda(int)#1})",128,535.0120000012685,4.17978125000991
_gather_block_tables_kernel,128,489.7420000046968,3.826109375036694
_post_update_kernel,128,441.5989999992307,3.44999218749399
"void at::native::reduce_kernel<512, 1, at::native::ReduceOp<float, at::native::ArgMaxOps<float>, unsigned int, long, 4, 4> >(at::native::ReduceOp<float, at::native::ArgMaxOps<float>, unsigned int, long, 4, 4>)",128,438.5359999977518,3.426062499982436
_get_num_sampled_and_rejected_kernel,128,414.1819999986328,3.235796874989319
_combine_sampled_and_draft_tokens_kernel,128,413.1210000014962,3.227507812511689
Memcpy DtoH (Device -> Pinned),256,312.7389999977313,1.2216367187411379
"void at::native::index_elementwise_kernel<128, 4, at::native::gpu_index_kernel<at::native::index_kernel_impl<at::native::OpaqueType<8> >(at::TensorIteratorBase&, c10::ArrayRef<long>, c10::ArrayRef<long>)::{lambda(char*, char const*, long)#1}>(at::TensorIteratorBase&, c10::ArrayRef<long>, c10::ArrayRef<long>, at::native::index_kernel_impl<at::native::OpaqueType<8> >(at::TensorIteratorBase&, c10::ArrayRef<long>, c10::ArrayRef<long>)::{lambda(char*, char const*, long)#1} const&, bool)::{lambda(int)#1}>(long, at::native::gpu_index_kernel<at::native::index_kernel_impl<at::native::OpaqueType<8> >(at::TensorIteratorBase&, c10::ArrayRef<long>, c10::ArrayRef<long>)::{lambda(char*, char const*, long)#1}>(at::TensorIteratorBase&, c10::ArrayRef<long>, c10::ArrayRef<long>, at::native::index_kernel_impl<at::native::OpaqueType<8> >(at::TensorIteratorBase&, c10::ArrayRef<long>, c10::ArrayRef<long>)::{lambda(char*, char const*, long)#1} const&, bool)::{lambda(int)#1})",128,298.4949999937089,2.331992187450851
"void at::native::index_elementwise_kernel<128, 4, at::native::gpu_index_kernel<at::native::index_kernel_impl<at::native::OpaqueType<4> >(at::TensorIteratorBase&, c10::ArrayRef<long>, c10::ArrayRef<long>)::{lambda(char*, char const*, long)#1}>(at::TensorIteratorBase&, c10::ArrayRef<long>, c10::ArrayRef<long>, at::native::index_kernel_impl<at::native::OpaqueType<4> >(at::TensorIteratorBase&, c10::ArrayRef<long>, c10::ArrayRef<long>)::{lambda(char*, char const*, long)#1} const&, bool)::{lambda(int)#1}>(long, at::native::gpu_index_kernel<at::native::index_kernel_impl<at::native::OpaqueType<4> >(at::TensorIteratorBase&, c10::ArrayRef<long>, c10::ArrayRef<long>)::{lambda(char*, char const*, long)#1}>(at::TensorIteratorBase&, c10::ArrayRef<long>, c10::ArrayRef<long>, at::native::index_kernel_impl<at::native::OpaqueType<4> >(at::TensorIteratorBase&, c10::ArrayRef<long>, c10::ArrayRef<long>)::{lambda(char*, char const*, long)#1} const&, bool)::{lambda(int)#1})",128,298.1510000008857,2.3293046875069194
_compute_slot_mappings_kernel,128,297.6349999969898,2.3252734374764827
"void vllm::rms_norm_kernel<c10::BFloat16, 8, 2, true>(c10::BFloat16*, c10::BFloat16 const*, long, long, long, long, long, c10::BFloat16 const*, long, float, int, int)",128,290.37000000239277,2.2685156250186935
"void vllm::vocab_embedding::vocab_parallel_embedding_kernel<int, uint4>(uint4*, int const*, uint4 const*, long, long, long, long, long, long, long)",128,270.7879999963734,2.115531249971667
"void at::native::_scatter_gather_elementwise_kernel<128, 8, at::native::_cuda_scatter_gather_internal_kernel<false, at::native::OpaqueType<8>, long>::operator()<at::native::TensorAssign>(at::TensorIterator&, long, long, long, at::native::TensorAssign const&)::{lambda(int)#1}>(int, at::native::_cuda_scatter_gather_internal_kernel<false, at::native::OpaqueType<8>, long>::operator()<at::native::TensorAssign>(at::TensorIterator&, long, long, long, at::native::TensorAssign const&)::{lambda(int)#1})",128,233.82299999776296,1.8267421874825231
"void at::native::vectorized_elementwise_kernel<4, at::native::FillFunctor<int>, std::array<char*, 1ul> >(int, at::native::FillFunctor<int>, std::array<char*, 1ul>)",256,231.0699999991839,0.9026171874968121
_prepare_pos_seq_lens_kernel,128,151.77400000517264,1.1857343750404112
"void at::native::vectorized_elementwise_kernel<4, at::native::FillFunctor<bool>, std::array<char*, 1ul> >(int, at::native::FillFunctor<bool>, std::array<char*, 1ul>)",128,123.64899999851241,0.9660078124883782
memcpy32_post,127,119.78100000158884,0.9431574803274712
"void (anonymous namespace)::elementwise_kernel_with_index<int, at::native::arange_cuda_out(c10::Scalar const&, c10::Scalar const&, c10::Scalar const&, at::Tensor&)::{lambda()#1}::operator()() const::{lambda()#3}::operator()() const::{lambda(long)#1}>(int, at::native::arange_cuda_out(c10::Scalar const&, c10::Scalar const&, c10::Scalar const&, at::Tensor&)::{lambda()#1}::operator()() const::{lambda()#3}::operator()() const::{lambda(long)#1}, function_traits<at::native::arange_cuda_out(c10::Scalar const&, c10::Scalar const&, c10::Scalar const&, at::Tensor&)::{lambda()#1}::operator()() const::{lambda()#3}::operator()() const::{lambda(long)#1}>::result_type*)",128,115.42099999513448,0.9017265624619881
Memcpy HtoD (Pinned -> Device),268,109.92200000528373,0.41015671643762586
Memset (Device),80,90.55899999985013,1.1319874999981265
_apply_write_kernel,12,45.5989999999465,3.799916666662208
_prepare_prefill_inputs_kernel,1,5.183999999999287,5.183999999999287
