layer,base_rank,centered_explained_fraction,predictable_energy_captured_fraction,attention_mass_recall,nonsink_mass_recall,page_recall,routed_page_recall,page_kl,attention_rel_mse,post_wo_rel_mse
0,4,0.5883012900416448,0.8061342664313814,0.6385805458994582,0.6384374071494676,0.9013404846191406,0.8964883734006435,0.03445673936948879,0.024392104645965265,0.00660531875235508
1,4,0.3580732282587711,0.4706465949307634,0.8079346581362188,0.6993874350446276,0.8573684692382812,0.845526504780977,2.2354655930351828,0.2926432057855885,0.22390814435538775
2,4,0.16709538761977052,0.3522927558232315,0.9629541616886854,0.7935559656471014,0.7897377014160156,0.7793969303602353,0.3899793528835289,0.05930861252494099,0.027643413164989788
3,4,0.21790132532704704,0.4350351646543832,0.9576548673212528,0.8334473256254569,0.8314437866210938,0.8231541332788765,0.13193319619313115,0.013139213339552307,0.015159485835309216
4,4,0.23322431874488195,0.4218567156014504,0.9568659336073324,0.852771406294778,0.8133811950683594,0.8042032179655507,0.16386735210835468,0.020349720112915342,0.011935366934109463
5,4,0.20699255884859705,0.3882052652815344,0.9569909176789224,0.86115492740646,0.7839813232421875,0.7733574492158368,0.3029419962549582,0.01804382275489638,0.017782860800502717
6,4,0.24306988255146153,0.4548643062635164,0.9413586712908,0.8653819703031331,0.7912178039550781,0.7809498214628547,0.2089470000937581,0.010685760300667086,0.010059191344515757
7,4,0.2622523005997037,0.3812913436132427,0.93258154054638,0.8834822393255308,0.7803573608398438,0.7695552596123889,0.4177247169573093,0.019172773500199945,0.021528244646279934
8,4,0.22026617235365695,0.3373992112820738,0.9372974536381662,0.8812575064366683,0.7080421447753906,0.6838023823595816,0.4501459381332801,0.017446504116681142,0.018734420315204732
9,4,0.2437566377434324,0.391485130016007,0.9211222842568532,0.8585497588501312,0.6672210693359375,0.6508548871497624,0.53022120919195,0.014459189442035598,0.02096646392441891
10,4,0.2207667166932385,0.34061590122545776,0.9156152801588178,0.8187096070614643,0.6187553405761719,0.6000055975746363,0.6747978048224468,0.02882218957309188,0.030045737914446622
11,4,0.24872164477716932,0.34111484877498105,0.9089745809324086,0.8433530543115921,0.6690177917480469,0.6527399745536968,0.5942014689644566,0.014770349206713688,0.021844119045047575
12,4,0.25325900935333706,0.42059066944648754,0.9562258550431579,0.9251352199353278,0.8042678833007812,0.7946417084895074,0.7262869382684585,0.003549119930613044,0.003667477616223869
13,4,0.19529340158996894,0.30944189895790436,0.9189230625052005,0.8519640627200715,0.5373191833496094,0.5145643840369303,1.0509023515041918,0.010058785963462371,0.013874847600900533
14,4,0.19376510402516076,0.29607417974298084,0.9427145683439448,0.8896603266475722,0.605316162109375,0.585905474901665,0.8768655099265743,0.006486131285128624,0.007155994610126563
15,4,0.15934552897378773,0.38042304168039914,0.9430561880581081,0.8525535988155752,0.6535682678222656,0.6365306372172199,0.7680888575268909,0.008690691153072248,0.012718468834854352
16,4,0.1741415340900119,0.3290394522163096,0.9469900742406026,0.8498495643143542,0.6612052917480469,0.6445432527689263,1.202620572206797,0.005765244448861207,0.00759782333817396
17,4,0.1464117159414346,0.34158708626574913,0.929390937439166,0.8192458645789884,0.6512413024902344,0.634089229919482,1.098738333239453,0.009861801499289252,0.01164036005380745
18,4,0.1565928655275009,0.3478259119130815,0.9542199978604913,0.79639450868126,0.6504936218261719,0.63330477749696,1.0560112348175608,0.0077562205392922,0.009497135642830648
19,4,0.16292336924590567,0.3265613144510347,0.9432317563332617,0.770235383475665,0.6573867797851562,0.6405369447311386,0.7626115891034715,0.013775704381156268,0.015040885993492566
20,4,0.15092099843882478,0.34870813246178145,0.9393721838714555,0.7507452734862454,0.6263427734375,0.6079661807743832,0.9000562776927836,0.017181126235617333,0.02965103426830419
21,4,0.14044523419450775,0.38273700514440484,0.9440750974463299,0.794865905365441,0.6451797485351562,0.6277295669424348,0.9445043250161689,0.006770891226244198,0.008950778938605049
22,4,0.13245859896784942,0.4141312829173216,0.9504520229529589,0.7683890874614008,0.6280097961425781,0.609715191880241,1.0101099026505835,0.01809551754411373,0.024272412808899312
23,4,0.11902654317169022,0.4781566544163286,0.9572920632781461,0.7683771948213689,0.6410751342773438,0.623423085489776,0.9897866362298373,0.015003890115155962,0.017862264801716838
24,4,0.1218077395258051,0.45492880428714855,0.9537848582258448,0.7337964214384556,0.6376266479492188,0.6198050018865615,1.0820913410861976,0.019855357214336598,0.02124838085761278
25,4,0.12297106940011485,0.4776351514789196,0.9563115579076111,0.7286028662929311,0.6569938659667969,0.640124706493225,1.4257000310171861,0.018060439413700644,0.01894988078097355
26,4,0.12546713274490578,0.49101651727616624,0.9372853962704539,0.7480873424210586,0.6036911010742188,0.584200493816752,1.2640924410370644,0.018319785747688073,0.014153942327767115
27,4,0.1322160245953779,0.470053610795336,0.9330670038470998,0.7162519931443967,0.6313705444335938,0.6132412203005515,1.2051139381655958,0.02980084204837283,0.025917220060013395
28,4,0.12358450009152655,0.4645946759304836,0.938994770636782,0.788209660386201,0.7032203674316406,0.6886246426729485,1.0633429356093984,0.011123580477497499,0.008522377140868157
29,4,0.12041228742855488,0.49985146810350406,0.9461082021007314,0.7425528970197774,0.6765289306640625,0.6606205135467462,1.3900142150523607,0.016049060840448794,0.00983258234902587
30,4,0.11946483342591796,0.5067596213795843,0.909538219566457,0.7838954861508682,0.621917724609375,0.6033235090435483,0.8888637518684845,0.02144420244501533,0.014782121966650383
31,4,0.18548887223733704,0.4532694703231279,0.942938115214929,0.8548228743020445,0.7604408264160156,0.7486592225031927,0.38299239573825616,0.003234151555931977,0.0020279256619163935
0,8,0.6494913280555435,0.8899814162544776,0.6393001558608375,0.6391574669396505,0.913299560546875,0.9090355987427756,0.029638937453455583,0.0243356369999289,0.0065004292534431305
1,8,0.4815105868679314,0.6328909849935265,0.807752784632612,0.6993322931230068,0.8653907775878906,0.8542148640319223,2.231257764273323,0.29314338469089196,0.2240539522341344
2,8,0.23835470964515004,0.5025311513410128,0.9625897565856576,0.7933554757619277,0.7968482971191406,0.7868572275619954,0.38042122157639824,0.06555818822056318,0.03041378041899687
3,8,0.28773507483306565,0.5744566971723077,0.9579301908379421,0.8342862905701622,0.8388900756835938,0.8309666309505701,0.11995475440926384,0.012915092215204862,0.014876441263053104
4,8,0.31141802407619157,0.563293680191138,0.9572106084087864,0.8538032226497307,0.82305908203125,0.8143570647807792,0.14598454388033133,0.01978614483187637,0.011608184259945356
5,8,0.2846020301677282,0.5337583497469529,0.9573347788536921,0.8621532334946096,0.7918777465820312,0.7816422204487026,0.2891113392688567,0.018422637760912592,0.018215914115771618
6,8,0.32416135212748665,0.6066133204375718,0.9422762105241418,0.8672218824503943,0.8035926818847656,0.7939333012327552,0.18544246644887608,0.009761457999864595,0.009220367658745359
7,8,0.3606190814123347,0.5243078278812162,0.9337343701627105,0.8854416514514014,0.7916183471679688,0.7813700661063194,0.38494571797491517,0.018119380593444846,0.02057792747113031
8,8,0.3233126188129735,0.4952436473535876,0.940071651362814,0.8863976896973327,0.7317619323730469,0.709491500150292,0.37820696805213244,0.013652718264331417,0.015060985532631337
9,8,0.3425584785142766,0.5501657380112119,0.9240456947591156,0.8634047278901562,0.6943702697753906,0.6793392958934419,0.4470133392169373,0.012346625354105592,0.01811994524832924
10,8,0.3285553297871172,0.5069204789296664,0.9201483591459692,0.8278418135596439,0.6506614685058594,0.6334808809333481,0.5731411919987295,0.02243137986848363,0.022851316520227996
11,8,0.35831040397294994,0.4914127975280842,0.9120740543585271,0.848305425606668,0.6946868896484375,0.679671483754646,0.5269012525386643,0.012813471110408294,0.018784397041729954
12,8,0.34155839589353554,0.5672306574630359,0.9565849287901074,0.9257104670396075,0.8126182556152344,0.803402757155709,0.7083235635218443,0.003424223943526659,0.0035029843117003905
13,8,0.3040192000148079,0.48171765050088233,0.9259384057950228,0.8624697749037296,0.5811309814453125,0.5605308599187993,0.903891988680698,0.007668319747013752,0.010993012190414436
14,8,0.30515234029634064,0.46627450956369415,0.9469309805426747,0.8972236374393106,0.6396446228027344,0.6219222224317491,0.7495861133211292,0.005283891849289836,0.005824052637223817
15,8,0.23167325895080285,0.5530989567995545,0.9447435060283169,0.8566617850447074,0.670623779296875,0.6544249434955418,0.7158293014508672,0.007885802642755157,0.011257718028304758
16,8,0.267587239015022,0.5056045877031675,0.9496328762033954,0.8557647325797006,0.6838302612304688,0.6682809246703982,1.118772065587109,0.004836788781233,0.006365344587380057
17,8,0.22339583933839577,0.5211955433540445,0.9311512376880273,0.8231131960637867,0.6678543090820312,0.6515192704973742,1.0546974862518255,0.008288843628246318,0.009917380836561053
18,8,0.2357383986372195,0.5236248995297953,0.9554855417227373,0.8000813146936707,0.666229248046875,0.6498142869095318,1.0144419865682721,0.006616907004281503,0.008479716584296812
19,8,0.2439738341278756,0.48901772859979054,0.9446875951252878,0.7742197710322216,0.6750259399414062,0.6590436039841734,0.7282186004449613,0.011886814398981791,0.013120362209346972
20,8,0.22243161239211362,0.513935853592679,0.9413850894197822,0.7559552183956839,0.6448326110839844,0.6273653589305468,0.8590972144156694,0.01379696155409806,0.025935877178599444
21,8,0.20161102740261239,0.5494241315821022,0.9450215001124889,0.7970068578142673,0.6593704223632812,0.6426181449787691,0.9139332063496113,0.0063834056738449755,0.008604826460921517
22,8,0.18390043264156686,0.5749639713265274,0.9516173866577446,0.7716726747457869,0.6377944946289062,0.6199811054393649,0.9805090956506319,0.013802054386104715,0.020174702889656462
23,8,0.1540397348813499,0.6188125968827005,0.9578140863450244,0.7702373382635415,0.6489143371582031,0.6316478229709901,0.9747822831850499,0.012739748486653468,0.01574913482603255
24,8,0.16238901056351684,0.6064921547073227,0.954336377675645,0.7356165632372722,0.6464767456054688,0.6290903517510742,1.068306503322674,0.01726905156505728,0.01948234057545715
25,8,0.16107549155612866,0.6256375355948648,0.9567575886612758,0.7305130860768259,0.6664886474609375,0.6500864446861669,1.4118287109886296,0.017521167802198014,0.01845667485181294
26,8,0.16728007067994385,0.6546517475773902,0.9377421865938231,0.7494822592125274,0.6120567321777344,0.5929775511613116,1.2422274431446567,0.023040653806457242,0.016551006850351366
27,8,0.17007658150543303,0.6046552336830042,0.9334285104414448,0.7176283124717884,0.6400527954101562,0.6223504673689604,1.195683959958842,0.029089120882329445,0.025364050829925957
28,8,0.1628689570252862,0.6122778362356042,0.9393242817604914,0.7889250249136239,0.7088508605957031,0.6945320433005691,1.0506645845307503,0.010967755352545678,0.008417757417711703
29,8,0.16050314932338539,0.6662753157324766,0.9469691808335483,0.7449391151894815,0.6854019165039062,0.6699298720923252,1.3729758008848876,0.014312527395279903,0.008636367545311333
30,8,0.15394322890908066,0.6530140306460396,0.9101600585272536,0.7851228342624381,0.6277694702148438,0.609463045548182,0.8721684981428552,0.02130481906156449,0.014616749112220079
31,8,0.24489656622624462,0.5984409496829034,0.9433810155605897,0.8558171191252768,0.7683486938476562,0.7569560006959364,0.365507153866929,0.0031061375612913594,0.0019272856351080774
0,16,0.6949038384802817,0.9522090220709842,0.6394794795196503,0.639336884545628,0.9174652099609375,0.91340611432679,0.027186688933397818,0.024180665263582993,0.006476656241049686
1,16,0.6044128126434788,0.7944320037174148,0.807895727630239,0.6995982814405579,0.8705101013183594,0.8597592221152398,2.2231165447381263,0.29295881766660975,0.22371632777903866
2,16,0.3210321251839355,0.6768426926672136,0.9629849432967603,0.795390899758786,0.8050575256347656,0.7954701896524057,0.3612888025963912,0.06467040585702045,0.03008773569740169
3,16,0.35961281752627466,0.717959016768545,0.9580667035188526,0.834868625504896,0.8448524475097656,0.8372222345788032,0.11067197845841292,0.012763237445620745,0.014698093871021532
4,16,0.39497623431182893,0.7144339743132965,0.9577290661400184,0.854995284229517,0.8329048156738281,0.8246870147995651,0.1291905933248927,0.018223479302750364,0.010920523451798992
5,16,0.3710534031358689,0.695894024399865,0.9581741013098508,0.8644434905145317,0.8023719787597656,0.7926525650545955,0.2650383358995896,0.016239846223317665,0.015929793217145185
6,16,0.4052208271204379,0.7583024621433423,0.9430656927870587,0.8687696983106434,0.8147544860839844,0.8056440455839038,0.163990315340925,0.009085150125526024,0.008473439986100279
7,16,0.4674553994964231,0.6796382603533876,0.9350356144132093,0.8876329611521214,0.8072280883789062,0.7977474995423108,0.35139583929412765,0.017270267905211457,0.01978452513054471
8,16,0.44496454285207804,0.6815875729012599,0.9430538220331073,0.8921979288570583,0.7572746276855469,0.7371223844107121,0.30766877132437886,0.010238212558952077,0.011217886597971223
9,16,0.45083502638325634,0.7240631908665814,0.9267214713618159,0.8676802990958095,0.7199630737304688,0.7061907607130706,0.3761457289510872,0.01101234550492527,0.016306446208450127
10,16,0.451821134607409,0.6971044605915678,0.9246745411073789,0.8372477273223922,0.6859931945800781,0.6705502318800427,0.4754635645658709,0.017861761829752312,0.018114646223394922
11,16,0.48697329450382254,0.6678703892495876,0.9148640447529033,0.852979575865902,0.7217788696289062,0.7080958589212969,0.45882019818236586,0.011489652108506762,0.016596959217768128
12,16,0.4334308654486165,0.7198045128711313,0.9569903090596199,0.926325638894923,0.8208541870117188,0.8120437324978411,0.6931831869442249,0.0032933801926174513,0.0033226616892350655
13,16,0.4417365661298793,0.6999304674377427,0.9324175929650664,0.871968416380696,0.62518310546875,0.6067494824528694,0.752969258261146,0.005958307067718606,0.008804000476624448
14,16,0.4428164001596654,0.6766259751135999,0.9522644598037004,0.9063214655034244,0.6823234558105469,0.6667000165907666,0.5940623806382064,0.0035154608610084345,0.00381126281046669
15,16,0.3094619441477534,0.738812408701998,0.9461047122022137,0.8598795930156484,0.68609619140625,0.6706582946353592,0.6656933405902237,0.007545087120476243,0.01074555574854699
16,16,0.38101118321023575,0.7199184942690507,0.9524515811353922,0.8620427202549763,0.710723876953125,0.696497177996207,1.0326377497403882,0.003744694653177872,0.00515349560864523
17,16,0.314136688682776,0.7328992457081968,0.9331673362758011,0.8271447793813422,0.6835441589355469,0.6679807535838336,1.0099323202157393,0.007381061605172867,0.009191358344456883
18,16,0.3245670003602446,0.7209320328669077,0.9568035765551031,0.8037191831390373,0.6837005615234375,0.6681448449380696,0.9712706820573658,0.005692103069188364,0.007754171504544515
19,16,0.3443191522361382,0.6901484757241164,0.9463984151370823,0.7786874935263768,0.6935882568359375,0.6785188201465644,0.6892756478337105,0.01052272271584709,0.01209582182147562
20,16,0.30582829029077363,0.7066267322933414,0.9428562069078907,0.759751932520885,0.6592864990234375,0.6425300911068916,0.8241878028493375,0.015113679830469635,0.02756822137964621
21,16,0.27253945278062763,0.7427160810347492,0.9459606250748038,0.7991759944707155,0.6726646423339844,0.656566176621709,0.8802600284398068,0.006023346369493882,0.008264935755113409
22,16,0.24263215355461837,0.7585884631994012,0.9524796800687909,0.774089885642752,0.6478805541992188,0.6305631994619034,0.9543517624842934,0.011170598474176655,0.016340874153146445
23,16,0.1903040800849002,0.7644947070664456,0.9580278375651687,0.7707554257940501,0.6544609069824219,0.6374671750236303,0.9640562351851258,0.012881855963157987,0.015863124961295685
24,16,0.2041848767252552,0.762591787547789,0.9548015345353633,0.7374785154825076,0.6533126831054688,0.6362624818575568,1.055203112453455,0.01582594141063624,0.018123251402299968
25,16,0.2010721967793231,0.7809897859341655,0.9569025589153171,0.731298467842862,0.6729507446289062,0.656866351433564,1.400592916936148,0.017485404011370182,0.01826839735626976
26,16,0.20495475569325922,0.8020918956066418,0.9381546375807375,0.7508728466345929,0.6171760559082031,0.5983486436889507,1.2299268862698227,0.023000533582797935,0.016411495781309297
27,16,0.21206514536432314,0.7539327219026266,0.9341660931240767,0.7193660646444187,0.6458396911621094,0.6284219659864902,1.1809408071567304,0.02507578016399873,0.0227664415966102
28,16,0.20119417626805378,0.7563549073964008,0.9398357030004263,0.7902267369790934,0.7138519287109375,0.6997790667228401,1.0378062423405936,0.010259223838600043,0.007899704376467684
29,16,0.19572117812518136,0.8124712212851735,0.9472873951308429,0.745948668802157,0.6904220581054688,0.675196907541249,1.363555935851764,0.013861540694717395,0.008349143751374336
30,16,0.18913050634295064,0.8022754566105593,0.9110413353191689,0.7864587445510551,0.6323013305664062,0.6142177818692289,0.8556415437196847,0.02044460006101073,0.013948852051847888
31,16,0.3062628303493065,0.7483984845973373,0.9438075196230784,0.8567364106420428,0.7761001586914062,0.765088684624061,0.3456114554719534,0.0030981993483113223,0.0019464234376875608
0,24,0.7129616044807969,0.9769531186667684,0.6394947434891947,0.6393521347199567,0.9185409545898438,0.9145347665762529,0.02650400259426533,0.024106843322726078,0.006456450316841978
1,24,0.6739626811781374,0.8858474076639608,0.8081192276440561,0.699919156380929,0.8737449645996094,0.8632626571962912,2.2175877437722167,0.29287153388934306,0.22354122969018123
2,24,0.3714419654335555,0.7831234332377347,0.9631575369276106,0.7962771201273426,0.8097076416015625,0.8003489988623187,0.35328303069400135,0.06156180450599471,0.0290265544585852
3,24,0.4010655249069314,0.8007184279545383,0.958108147722669,0.8350533421617001,0.8470916748046875,0.8395715892547742,0.10711983523651725,0.012695060591175752,0.014589869613282748
4,24,0.44468647950217577,0.804349986848343,0.9578942165244371,0.8554315065266564,0.8376655578613281,0.8296818928793073,0.12192170316848205,0.01797497261943877,0.01079680791262676
5,24,0.42218720150019273,0.791793171061433,0.9582691487157717,0.8643505924846977,0.8052711486816406,0.7956943162716925,0.2641982318891678,0.016155214791661147,0.015834917074395074
6,24,0.4498753390092027,0.8418658528794144,0.9433685287367553,0.8693130684550852,0.8203659057617188,0.8115314381429926,0.15413316956255585,0.008898984065765921,0.008294773861885908
7,24,0.5335132041963931,0.7756803886878043,0.9355806011008099,0.8886294914409518,0.8159217834472656,0.8068687545601279,0.3333284187610843,0.01676218431902096,0.01939171856389858
8,24,0.5185491768364767,0.7943030080655558,0.9439513997640461,0.8939625746570528,0.7680625915527344,0.7488060153780445,0.2770340677591101,0.009640095075155694,0.010670740424491698
9,24,0.5113528714855763,0.8212578218620553,0.9276154694380239,0.8691647221567109,0.7300529479980469,0.7167768600629643,0.34926975893904455,0.010679846012287117,0.01587969328905236
10,24,0.5237164823767733,0.8080301428736821,0.9265661641256884,0.8409672592533752,0.7037620544433594,0.6891929706325755,0.4299914598232135,0.01620051835802072,0.016195745124420145
11,24,0.5651958954637654,0.7751505205029086,0.915980523917824,0.8548343554139137,0.7348823547363281,0.7218437760602683,0.42694645590381697,0.011024635348785177,0.015959575469433922
12,24,0.48541828916878227,0.8061407320685972,0.9571788877947256,0.9266554679488763,0.8250198364257812,0.8164142509922385,0.6875118066527648,0.00326031919322323,0.0032712226060200244
13,24,0.5201980560011505,0.8242524989204472,0.9344221972860396,0.8750663779210299,0.6425399780273438,0.6249599722214043,0.6987564493610989,0.005509725015507961,0.008234420870883016
14,24,0.5242858722474221,0.8011117912972201,0.9539067426230758,0.9093995933653787,0.70245361328125,0.687820180261042,0.5316403649194399,0.0030931616782063098,0.003325495302209344
15,24,0.3527282085999792,0.8421067027500718,0.9466650951653719,0.8610842664493248,0.6923141479492188,0.6771820519352332,0.645618451264454,0.007101276843652173,0.009994296333734538
16,24,0.4475730308558099,0.8456867321696342,0.9534679033095017,0.864704221545253,0.7222900390625,0.7086321681854315,0.9973474256694317,0.0035104129550579876,0.0048536018586691895
17,24,0.3628559120260943,0.8465640398127284,0.9336345883784816,0.8280654672998935,0.689056396484375,0.6737640846404247,0.995092154800659,0.007110924942756242,0.008914821919880802
18,24,0.3730328109542261,0.8285848605335535,0.9572197864763439,0.8049633461050689,0.6915931701660156,0.6764256148017012,0.9555785152479075,0.005507821534450286,0.007575959931233034
19,24,0.4043752250093084,0.8105240250166948,0.9472504932200536,0.7810206873691641,0.70379638671875,0.6892289915704168,0.6672395573696122,0.009854929064400761,0.011509856989102792
20,24,0.355114021374807,0.8205031008643675,0.9434864305658266,0.7612487066653557,0.6679840087890625,0.6516553472611122,0.8046860378526617,0.014293601406147435,0.026621071275375795
21,24,0.3114102255215703,0.8486455077742361,0.9462567160371691,0.7998441313393414,0.6783256530761719,0.6625055982731283,0.8661244323011488,0.005916459088835611,0.008166119605521667
22,24,0.2734070995322964,0.85480620941413,0.9526749412762001,0.7748296972131357,0.6517486572265625,0.634621536184568,0.9448075847176369,0.011164598758447782,0.016400148823978958
23,24,0.2106833861218555,0.8463630074832782,0.9581996108172461,0.7711808712920174,0.6567916870117188,0.6399125847383402,0.9599586009862833,0.01306945420480589,0.016014691665677844
24,24,0.2276618582409809,0.850273860713246,0.9549279815983027,0.7379498223308474,0.6556015014648438,0.6386638642870821,1.0463944383373018,0.01616113530258897,0.018147637234089166
25,24,0.22227943167421446,0.8633613624430465,0.957026285585016,0.731670954672154,0.67596435546875,0.6600281701539643,1.3966390878485981,0.017393061910600697,0.01812292220449587
26,24,0.22469761788414988,0.8793557273524744,0.9385885222582147,0.7515413057990372,0.6193122863769531,0.600589934445452,1.2236300869262777,0.016342255247728275,0.012472129210752228
27,24,0.23598707256838572,0.8389798127818504,0.9343100696569309,0.7197222760878503,0.6480636596679688,0.6307553105289117,1.1754448592255358,0.02465348808018933,0.02253623282483723
28,24,0.22307062242576908,0.8385956447512244,0.9400857775472105,0.7907590082613751,0.716064453125,0.7021004040143453,1.0319010474777315,0.010134008139544692,0.007785399930121869
29,24,0.21271401849297983,0.8830113329837599,0.9473266515415162,0.7461630997131579,0.691802978515625,0.6766457434277982,1.3605147453199606,0.0134719770807198,0.008020094077562333
30,24,0.20685908558822505,0.8774785757904343,0.9114270127611235,0.7870334988692775,0.6343994140625,0.6164190507843159,0.8501095659739804,0.019815676437489476,0.01358392879744548
31,24,0.3402561944209594,0.8314662931478377,0.9440540720243007,0.8572511422680691,0.7792892456054688,0.7684346134774387,0.33843453353620134,0.0030395597875888703,0.0019075414226001385
0,32,0.7218240047497944,0.9890970399203896,0.639520589611493,0.6393779924255796,0.9192924499511719,0.915323220542632,0.02621641658606677,0.0240826342144069,0.0064529897075029825
1,32,0.7163825999749778,0.9416035736193343,0.8081023567938246,0.6999479013320524,0.8770332336425781,0.8668239338984411,2.212212851317975,0.2933183857049233,0.22371445596948303
2,32,0.40469871747639397,0.8532397481988737,0.963342756498605,0.7967642364092171,0.8125076293945312,0.8032866928260773,0.3464332232106244,0.05805288550264474,0.027518182835253306
3,32,0.43041415934436916,0.8593123258838375,0.9581234784564003,0.835134704480879,0.848602294921875,0.8411565027199686,0.10523504766752012,0.012685061607047065,0.01457264305543431
4,32,0.4786116312055682,0.8657138838505639,0.9580804194556549,0.8558286973275244,0.8402023315429688,0.8323434259509668,0.11726398128666915,0.017278532334928036,0.010510319741847275
5,32,0.4565478932620899,0.8562351081768682,0.9586048482451588,0.8655351006891578,0.8097610473632812,0.8004050313029438,0.2531480100733461,0.01553636228246784,0.015198574799568395
6,32,0.478016661333662,0.8945275932895747,0.9435224055778235,0.8696368274977431,0.8230934143066406,0.8143930870573968,0.14899086095101666,0.00883104055974931,0.008215861488795575
7,32,0.5789899666765028,0.8417995259825751,0.9359496179968119,0.8892419774783775,0.8213958740234375,0.8126120610395446,0.32385944158158964,0.01647572711246705,0.01904563576990445
8,32,0.5639918415245148,0.8639111510702945,0.944740807171911,0.8955227610422298,0.7774391174316406,0.7589610293507577,0.2543306303390812,0.009115660987648112,0.01022690249107517
9,32,0.5482724453524445,0.8805524704476645,0.9280448169447482,0.8698683419497684,0.7350349426269531,0.722003870178014,0.3375730624393327,0.010517583739267856,0.015657687875949237
10,32,0.567884044322937,0.876175260682034,0.9273741960059851,0.8426145958947018,0.7144203186035156,0.7003754114266485,0.4060025064391084,0.015379519125654597,0.015180338641392212
11,32,0.616506699094041,0.8455218668991785,0.9167147225234658,0.8560112597187981,0.7448768615722656,0.7323298164992593,0.4074417932133656,0.010785811595859134,0.01565147293894091
12,32,0.520014557001674,0.863595222968406,0.9573245497886091,0.9268297194503248,0.8288459777832031,0.820428563398309,0.6833440900518326,0.0032170535107198875,0.0032096110842395977
13,32,0.5634177125836605,0.8927339350381911,0.9358237258857116,0.8772658167872578,0.6587486267089844,0.6419657663209364,0.6546738713805098,0.005211235425507319,0.007853343008297872
14,32,0.5733661991483117,0.8761068096304041,0.9547323624137789,0.9109577973140404,0.7139472961425781,0.6998791263904423,0.49704599830147345,0.0029705751723894634,0.003203686940145378
15,32,0.37698147956477696,0.9000091940879055,0.946966006536968,0.8619448714889586,0.6948127746582031,0.679803561011795,0.6350967969628982,0.006949602675759707,0.009738448561395167
16,32,0.482112985791136,0.9109497833474266,0.9538050877163187,0.8656071093864739,0.7288742065429688,0.7155401471536607,0.9815051090845373,0.0034144584773412126,0.004736730675540615
17,32,0.3892350003493167,0.908107993865427,0.9339996738126501,0.8288790750084445,0.6927680969238281,0.6776583250029944,0.9885821664356627,0.007041140492436823,0.008839402222466876
18,32,0.40090321232254195,0.8904909233587183,0.9574017842533067,0.8055988899432123,0.6953048706054688,0.6803198581910692,0.9473624906968325,0.0054197216496290794,0.00748265430641145
19,32,0.4400827363828994,0.8820956596072813,0.9474781940225512,0.7818383841658942,0.7090797424316406,0.6947721835458651,0.6569353836821392,0.009689700104308948,0.011347549244780436
20,32,0.38415797015606845,0.8876101386099108,0.9437762334709987,0.762106426700484,0.6723976135253906,0.6562860158737749,0.7959058418055065,0.014460631532647211,0.026737344195489364
21,32,0.33349193559805573,0.908821900598191,0.9465158919338137,0.8005209557013586,0.6817512512207031,0.6660996691789478,0.852137565787416,0.005808867837155194,0.008063217757341867
22,32,0.29155201593203894,0.9115362183800018,0.9527497536037117,0.7752367110224441,0.6532859802246094,0.6362344661029056,0.9397328056220431,0.01094215626448174,0.01618219837079813
23,32,0.22372841847065256,0.8987678649078626,0.9582600679714233,0.7714623956126161,0.6579170227050781,0.6410932645667344,0.9573438476945739,0.012309887831642115,0.01532074169149034
24,32,0.24253443124029875,0.9058201000375512,0.9548880276270211,0.7383995237760246,0.6569557189941406,0.6400846830802038,1.0390408309176564,0.015519433544455149,0.01794238359880254
25,32,0.2349288961518856,0.912493478731807,0.9569380159955472,0.7317124241380952,0.6768989562988281,0.6610087357694283,1.3945761628565378,0.017502747491437997,0.018263664723822817
26,32,0.23692605509666587,0.9272118034455471,0.93861144175753,0.7516597781796008,0.620391845703125,0.6017225856776349,1.2187653116998263,0.016400370143818642,0.012478815778716155
27,32,0.2513156029152679,0.8934757111405259,0.9344895984977484,0.7202349458239041,0.6498374938964844,0.6326163813937455,1.169328981457511,0.024327785458736505,0.021960408347549
28,32,0.23704062253057032,0.8911134577992375,0.9401439490029588,0.7909215886029415,0.7170333862304688,0.7031169902184047,1.0299210670345929,0.010098578738051199,0.007753072587881468
29,32,0.22235230567539935,0.9230214690007682,0.9473254488548264,0.7461218236712739,0.6928024291992188,0.6776943447184749,1.357388925680425,0.013684114645003955,0.0081761945359149
30,32,0.21750006701473168,0.9226167102871237,0.911531119607389,0.7872883972013369,0.6352691650390625,0.6173315775813535,0.8473341797944158,0.019604322971734943,0.01344917493965178
31,32,0.3628477148920062,0.8866720119286555,0.9441556183155626,0.8574716002913192,0.7812995910644531,0.7705438282573596,0.3337835970596643,0.003023171103163344,0.001898042313055011
0,48,0.7280202603918152,0.9975876111313557,0.6395131921162829,0.639370582124684,0.9195365905761719,0.9155793694080785,0.026087703064149537,0.024064005452154626,0.006450920615783293
1,48,0.7506936873844505,0.9867016015734658,0.808314460911788,0.7002130405453499,0.8794898986816406,0.8694845635083414,2.197151535714511,0.29301598027684833,0.22342260032514455
2,48,0.44336932341945384,0.9347702711600169,0.9637973194476217,0.798265982652083,0.8167495727539062,0.8077372539555654,0.33546713000396267,0.053579422889837636,0.025431963924510102
3,48,0.46794607908296826,0.9342439714751178,0.9581571969902143,0.8352570062270388,0.8502464294433594,0.8428814962971956,0.10291851034708088,0.012649526751188397,0.014500777526757656
4,48,0.5199255990206996,0.9404426894260237,0.9582876900676638,0.8563037951244041,0.8438148498535156,0.8361336103407666,0.11165134421753464,0.016786106677248547,0.010303889453933611
5,48,0.4991402411865191,0.9361151474253347,0.9586584554053843,0.8658211171859875,0.8139877319335938,0.8048395871883258,0.2469008364569163,0.016697946919931365,0.016423172876573532
6,48,0.51047426955394,0.9552665350750261,0.9436360313557088,0.8698633883614093,0.8266372680664062,0.8181112294550985,0.14322235640429426,0.008769130628074346,0.008164168254364343
7,48,0.6361457222343232,0.924898872611895,0.936275742133148,0.8897857397096232,0.82696533203125,0.8184554274193943,0.31345054826670093,0.016220083072327064,0.0187924694788473
8,48,0.6135761141822801,0.9398633243339415,0.9450863568345085,0.896198061760515,0.7837142944335938,0.7657571994969921,0.24112688348207983,0.008888306617079695,0.010087553559593364
9,48,0.5903039976745547,0.9480572074588283,0.9285184992477298,0.8706307378597558,0.740447998046875,0.7276831405470148,0.32474617545085493,0.010280378386222417,0.015325606260222746
10,48,0.6149493373877771,0.9487912213388056,0.9280319734243676,0.8439918932272121,0.7227439880371094,0.7091084395069629,0.3844284265069291,0.014873029743659451,0.01468835239279554
11,48,0.6757252006326704,0.9267384020146813,0.9172894960502163,0.8569496113341302,0.7545204162597656,0.7424476441228762,0.390535579288553,0.010614578266927835,0.015339659388481402
12,48,0.5627023150587462,0.934487361353678,0.9574056188575923,0.9269804590148851,0.831298828125,0.8230020452756435,0.6800435837649275,0.0031977937320996877,0.0031816088237916623
13,48,0.6066235806344009,0.9611935232623561,0.9364424727391452,0.8783089249627665,0.666748046875,0.6503586006583646,0.6343512384337373,0.005081701986983463,0.007659995314938029
14,48,0.6253246145167739,0.9554995634926525,0.9553842748282477,0.9123616478173062,0.727752685546875,0.714363468810916,0.4601603111223085,0.0028677615823223023,0.0031172492470345147
15,48,0.40189003631629105,0.9594761209876154,0.9472576028201729,0.8626672521932051,0.6984405517578125,0.6836097524501383,0.6251601718831807,0.006484521941672577,0.008899129671124842
16,48,0.5123161396330655,0.9680184731765661,0.9540756165515631,0.8662931202561595,0.7326812744140625,0.71953444625251,0.971188165829517,0.0033365921968319277,0.004622278579575152
17,48,0.4143426126834363,0.9666855201593781,0.9342381005408242,0.8293249370763078,0.6962890625,0.6813524548779242,0.9819198898621835,0.006883449742607771,0.008682288926456507
18,48,0.43017267147818405,0.9555045897714195,0.9576079099206254,0.8062601975980215,0.6993026733398438,0.6845142742968164,0.9394910719420295,0.0052924812624564645,0.007356312737347625
19,48,0.4774602151629705,0.9570145534270051,0.9477066604886204,0.7824929131893441,0.7138748168945312,0.6998030815157108,0.6469341985648498,0.009492362568873957,0.01113699041196544
20,48,0.4151919261956216,0.9593151562376612,0.9441064882557839,0.7630880329525098,0.6781387329101562,0.6623094833339565,0.7840056647255551,0.014272969893494972,0.026528235118138326
21,48,0.35354360656888034,0.9634660936854814,0.9466723237419501,0.8007944507990032,0.6843414306640625,0.6688172339345329,0.8438479660544544,0.005209586090715683,0.0072961127774779
22,48,0.3098440438351676,0.9687261708761837,0.9527253818232566,0.775096062279772,0.6543998718261719,0.6374031391460449,0.9355452036252245,0.010790732018886955,0.015987120926756655
23,48,0.23816455654790783,0.9567611099587223,0.9583135922439396,0.7717851361376233,0.6595611572265625,0.6428182587842457,0.9541753866360523,0.012245296067357478,0.015256227964952957
24,48,0.2584527651183794,0.9652720578982804,0.954802502412349,0.7383072988595814,0.6572074890136719,0.6403488370706327,1.0349632711149752,0.014871279133849728,0.017148961702547386
25,48,0.24798662240057007,0.9632113352584318,0.9567904844880104,0.7313075486454181,0.677032470703125,0.6611488171038218,1.3929887092963327,0.01803077536948304,0.01886645792627234
26,48,0.24920702241816814,0.9752734564941324,0.9386386309051886,0.7520559924887493,0.6217384338378906,0.6031354014994577,1.213720301835565,0.015739184198001435,0.011974879593979517
27,48,0.2687544825398637,0.9554743104846862,0.9343223968753591,0.7201492363237776,0.6501312255859375,0.6329245593515225,1.16621437453432,0.025650679810207813,0.0227694126410175
28,48,0.25336770704665545,0.9524923243563089,0.9401589224580675,0.790884253801778,0.7176895141601562,0.7038053842261434,1.027390500443289,0.01001366305619512,0.0075564028821786715
29,48,0.23306304643000575,0.9674835384871787,0.9474357585422695,0.7464670548797585,0.6942176818847656,0.679179202823434,1.355497605720302,0.013608752896989481,0.008108481197633549
30,48,0.2290131940864655,0.9714544121316994,0.911567029543221,0.787400700384751,0.6359939575195312,0.6180920153274201,0.8440000179980416,0.01958793112259695,0.013435649052015695
31,48,0.38964419553129803,0.9521531722774804,0.944169765803963,0.8574961737031117,0.7830924987792969,0.7724249103339389,0.3285869710962288,0.0030312804478279413,0.0019118499243711616
0,64,0.7293851998375713,0.9994579528719798,0.6395260409335606,0.639383444271516,0.9195709228515625,0.915615389123559,0.026015142908363487,0.024090933748291427,0.0064583646822706665
1,64,0.7587388578720258,0.9972760645514084,0.8085227012634277,0.7004527161479928,0.8801460266113281,0.8701951661177221,2.1839850913806473,0.29255444240041684,0.222869042515936
2,64,0.46222365412062844,0.9745214828274145,0.9639491182751954,0.7989455054048449,0.8190994262695312,0.8102026750566438,0.33076946617802605,0.05302591110611252,0.02526438824345282
3,64,0.4883987531457816,0.9750772817598717,0.9581559288781136,0.835273853270337,0.8511695861816406,0.8438500529155135,0.10144162960204994,0.012650552325867306,0.01449517914196776
4,64,0.5404952623046477,0.9776491464571455,0.9583521434105933,0.8564812858821824,0.8466224670410156,0.8390793078579009,0.10881185617472511,0.016714455092326583,0.010276393730566895
5,64,0.5205206181063072,0.9762130859219378,0.9587253642966971,0.8659568468574435,0.8160209655761719,0.8069728136761114,0.24298797904339153,0.01666505886021534,0.016424952653032177
6,64,0.525462399544019,0.9833142935161867,0.9437166026327759,0.87002187455073,0.8284149169921875,0.8199763020966202,0.1404950314463349,0.00874566594057903,0.008128318261590375
7,64,0.6673570326633713,0.9702773210076122,0.9364773295819759,0.8901143382536247,0.8302421569824219,0.821893407846801,0.3077228638212546,0.016034528735920216,0.018582261463188275
8,64,0.6382771595965739,0.9776998797685376,0.9451994589762762,0.8963368567638099,0.7857513427734375,0.7679633767374099,0.23800700905943106,0.008863177812779555,0.010036935656576821
9,64,0.6111647680446484,0.9815606290524839,0.9287744808243588,0.871044788393192,0.7437477111816406,0.7311451341956854,0.31849551310006063,0.010138091321885177,0.015143396219661045
10,64,0.6367575856147024,0.9824386670916198,0.9282817878993228,0.8444720362313092,0.7261581420898438,0.7126905046170577,0.37511762059875764,0.014691807345259295,0.014459058820446126
11,64,0.7073616010694979,0.9701268492101853,0.9175140053266659,0.8573264186270535,0.7595443725585938,0.7477186815813184,0.3812643312703585,0.010523039542151337,0.015281311348981605
12,64,0.5860507913688231,0.9732624924216119,0.9574729696614668,0.9270689700497314,0.8333587646484375,0.8251632883911952,0.6770456512094825,0.0031851940416876526,0.0031735011641711233
13,64,0.6243355970559884,0.9892581683105129,0.9367168861208484,0.8787519804318435,0.6709327697753906,0.6547491300152615,0.621829956304282,0.005034761236755624,0.00765469114079687
14,64,0.6463053164562934,0.9875581952490116,0.9556434657424688,0.9129575752886012,0.73443603515625,0.7213755073607899,0.44725250947522,0.0027593453656067973,0.0029779959551394525
15,64,0.4129221371186182,0.9858142640806447,0.9473191385623068,0.8629245314514264,0.6996841430664062,0.6849145056330599,0.6218881109671202,0.006807750599989114,0.00954686684238352
16,64,0.5238848575787635,0.9898775008668232,0.9541267440654337,0.8664455878315493,0.7341766357421875,0.7211033511557616,0.9670457880129106,0.0033286174671310034,0.0046009080373384985
17,64,0.42414456924840194,0.989554057429096,0.9343713234411553,0.8295687359641306,0.6973838806152344,0.6825011157197878,0.9781854021712206,0.006804366231424309,0.008588025102799
18,64,0.44335564863556176,0.984786773452316,0.9576238823356107,0.806240149482619,0.7009658813476562,0.6862592787947506,0.9371296365279704,0.0052695666250361,0.00732275239589675
19,64,0.4924940388488477,0.9871481386014876,0.9477710704086348,0.7826874154852703,0.7151565551757812,0.7011478545609862,0.6436263675568625,0.009446741996544798,0.01110371602835308
20,64,0.427347474585646,0.987400966840434,0.9442413381766528,0.7634284445084631,0.6798362731933594,0.6640905103995465,0.779939640982775,0.013827364719785771,0.026200448393523285
21,64,0.36192366478505994,0.9863031689553646,0.946683686459437,0.8007902845274657,0.6852264404296875,0.6697457689442672,0.8412963128066622,0.005198343169377514,0.007217686508160207
22,64,0.31653843341498206,0.989656153275513,0.9526954283937812,0.7750636091222987,0.6548728942871094,0.637899425404612,0.9343882848334033,0.010911244506467152,0.01621961862145544
23,64,0.2447570630196484,0.9832447055899798,0.95834371203091,0.7718092144932598,0.6598472595214844,0.6431184308603406,0.9533629730867688,0.012195011134004228,0.01517764184525977
24,64,0.26448454718095604,0.9877996198753035,0.9547951375134289,0.738254671508912,0.65753173828125,0.6406890304060653,1.0327915755915456,0.014870210229533031,0.017153249432308882
25,64,0.2537356664373494,0.9855413477789502,0.9567800962831825,0.7313814540975727,0.6775245666503906,0.6616651154472493,1.391903838084545,0.01809592318577604,0.018904861327840316
26,64,0.2535114553644348,0.9921188854752968,0.9385920458007604,0.7518718999344856,0.6220817565917969,0.603495609073434,1.2119470468023792,0.01626398879865846,0.012237266361944076
27,64,0.276592486695364,0.9833399354419998,0.9342340552248061,0.7197973966831341,0.6505775451660156,0.6333928278181702,1.1654633556609042,0.02588025764732501,0.022907895654992176
28,64,0.2613679104471667,0.9825677132884628,0.9401470667216927,0.7909447486745194,0.7180519104003906,0.7041856041760184,1.0257211998832645,0.010120369487970486,0.007705358588069757
29,64,0.2378938025377225,0.9875368119865704,0.9475327009567991,0.746801785484422,0.6948928833007812,0.6798876103130169,1.3526671888539568,0.013521766131001924,0.008054399837709742
30,64,0.23360348297260689,0.9909260255869379,0.9116350954864174,0.7874827597406693,0.6365165710449219,0.6186403303290717,0.8429042400093749,0.01953001139830505,0.013392060012452958
31,64,0.40198869477327964,0.9823187804097993,0.9442162895575166,0.8576721495483071,0.7842788696289062,0.7736696293577552,0.32617247293819673,0.0030208707038522835,0.0019108932310240461
0,80,0.7296951793791999,0.9998827099388591,0.6395212089410052,0.6393786100088619,0.9196548461914062,0.9157034403178841,0.02601344278173201,0.02407795275204332,0.0064565421540200615
1,80,0.7604570589697341,0.9995344447714966,0.8083993528271094,0.7003061262075789,0.8803367614746094,0.870401737190062,2.181148397216138,0.2927119853224337,0.22292313690070906
2,80,0.4707802812567949,0.9925617040285607,0.9639297699322924,0.7988749471260235,0.8197441101074219,0.8108790633268654,0.32945308469061274,0.053770640167286395,0.025587210706432995
3,80,0.49734270229780786,0.9929336779344812,0.9581649319734424,0.8353152133058757,0.8518486022949219,0.8445624655578285,0.10072904811386252,0.012641649694990502,0.014495662693327136
4,80,0.5495471703531453,0.9940222597748978,0.9583747592987493,0.8565570182399824,0.8479156494140625,0.8404360893182456,0.10761571254261071,0.01667290008511591,0.010256122088166088
5,80,0.5295523728359172,0.9931517370515688,0.9587612674804404,0.8661174898734316,0.8172416687011719,0.8082535507855937,0.24053038920101244,0.016645052170114884,0.016413293433800654
6,80,0.5316906432210449,0.9949694015437752,0.9437408045632765,0.8700512474169955,0.8292884826660156,0.8208928307285532,0.13941155663633253,0.0087262643741435,0.008109373047968745
7,80,0.6822429869061896,0.9919201644878414,0.9365327392006293,0.8901998462388292,0.8320960998535156,0.8238385264994577,0.3036761756447959,0.01592400451396975,0.01840853477488188
8,80,0.649098500396254,0.9942757879609422,0.9452533667208627,0.8963994012447074,0.7867279052734375,0.7690210157344418,0.23648069042622324,0.008854586560171494,0.010043604548969737
9,80,0.6200328257138116,0.9958031651398743,0.9288966739550233,0.8712591693038121,0.7453460693359375,0.7328220999334008,0.31579017674084753,0.010047042391642563,0.015018028842680557
10,80,0.645482874028473,0.9959007143649782,0.9284520478686318,0.8448322683107108,0.7283706665039062,0.7150118415011093,0.37013411516090855,0.014656057637602983,0.014383447143338213
11,80,0.7225073931487486,0.9908988836638798,0.9176174791064113,0.8575156807200983,0.7619590759277344,0.750252139638178,0.37565210324828513,0.010494039926898454,0.015219837825816469
12,80,0.5973756565247245,0.9920698494805918,0.9575306284241378,0.9271547489333898,0.8345108032226562,0.8263719861861318,0.6760754267088487,0.0031663161720690146,0.0031509165260763332
13,80,0.6299251600297373,0.9981148166501898,0.9367926705162972,0.8789819086086936,0.6723747253417969,0.6562620028853416,0.6128784517059103,0.005038043246541873,0.007686235805924007
14,80,0.6527157136970334,0.9973533186507584,0.9557610476622358,0.9132128870114684,0.7366752624511719,0.7237248613964766,0.4417589439835865,0.0027505345086533657,0.0029626085621250616
15,80,0.41729347786362586,0.9962504448329194,0.9474070358555764,0.8630493668606505,0.7007904052734375,0.6860751753556542,0.6203116567630786,0.0067590431854295035,0.009469417097351693
16,80,0.5279289139387585,0.997518722683193,0.9541312041692436,0.8664295097114518,0.7347068786621094,0.7216596743091941,0.9660386175382882,0.003323101769456977,0.004602223565862954
17,80,0.42739790753528334,0.9971442857035678,0.9343557792017236,0.8295279448502697,0.6979103088378906,0.6830534334876575,0.9775362565997057,0.006842580376330809,0.008636567172959308
18,80,0.4484143698597411,0.9960232644443352,0.9576849873410538,0.80648996605305,0.7017478942871094,0.6870797536685131,0.93594067619415,0.005258275757303492,0.00731452851564986
19,80,0.4972399336405255,0.9966607435064194,0.94780116120819,0.7828144243685529,0.7158851623535156,0.7019122950732708,0.6425837196584325,0.009389697310878542,0.011035949332418865
20,80,0.43126229192124443,0.9964462862866797,0.9442419579718262,0.7634054951486178,0.6801986694335938,0.664470728370361,0.7789359497546684,0.01392760270732096,0.026330179373887312
21,80,0.36537808605765143,0.9957170508856529,0.9467488238587976,0.8010321637848392,0.6856803894042969,0.6702220441657118,0.8404878759465646,0.005127212478203668,0.007117360755051636
22,80,0.31893277898606665,0.9971420651817785,0.9526561002712697,0.7749983532121405,0.6550483703613281,0.6380835317540914,0.9339667450403795,0.010972294400865227,0.0162966357161386
23,80,0.2475649824269554,0.994524755517431,0.9583556227153167,0.7718727593310177,0.6602783203125,0.6435706913471222,0.9528211694268975,0.012168518120613002,0.015160450742283694
24,80,0.2667000871320562,0.9960742413790615,0.9548094104975462,0.7383570145466365,0.6578636169433594,0.6410372339887545,1.0323109585733619,0.015077316149385738,0.01735513526567962
25,80,0.25615638469644975,0.9949437229718594,0.956825080444105,0.7314405700890347,0.6778678894042969,0.6620253219734877,1.3917400218488183,0.017991952492068614,0.018806815196339612
26,80,0.2549185224098777,0.9976254523754278,0.938614423153922,0.7518740009982139,0.6220626831054688,0.603475597104989,1.21211882084026,0.01608135668979661,0.012032737460203686
27,80,0.27986032048225745,0.9949577183522716,0.9342046808451414,0.7197282234556042,0.6511039733886719,0.6339451461099088,1.1650052199547645,0.02619909697421161,0.02302938957024879
28,80,0.2646743862928706,0.9949978406334704,0.9401603639125824,0.7910266801482067,0.7185096740722656,0.7046658810577355,1.0245684697874822,0.01018649611355626,0.0077439443601916794
29,80,0.23993533248702495,0.9960115429640181,0.9475653280969709,0.7468288969248533,0.6949539184570312,0.6799516468308866,1.3520630980201531,0.013425000947112041,0.007993904678979398
30,80,0.2351600530699354,0.9975288630124144,0.9116045096889138,0.7874387736083008,0.6366386413574219,0.6187684037140571,0.8423126339621376,0.019753706499938194,0.013532895424057683
31,80,0.40697475020100965,0.9945029436723652,0.9442473796661943,0.8577306788647547,0.7843666076660156,0.7737616815138608,0.3250170866813278,0.0030108994604695033,0.0019008975766935446
0,96,0.7297666511802235,0.9999806459265308,0.6395198664395139,0.6393772658775561,0.9196662902832031,0.9157154468121007,0.026018676678177144,0.02409308220594619,0.006460125187117016
1,96,0.7607660128276663,0.9999405295322411,0.8085288996226154,0.7004696353978943,0.8804206848144531,0.870492626462252,2.18184571376168,0.29256317706914,0.22286739943751616
2,96,0.473722731468106,0.9987653695431006,0.963924995623529,0.7988874510629103,0.8202133178710938,0.8113713456550613,0.3289543101855088,0.05339795540740647,0.025410047368638895
3,96,0.5002728363858373,0.9987836256735877,0.9581584534607828,0.8353181707207114,0.8522415161132812,0.8449747023405507,0.10033938109700102,0.012655755096599683,0.01450050601505852
4,96,0.5523073092577628,0.9990148057459697,0.958385422010906,0.8565799992065877,0.8483352661132812,0.8408763442421332,0.10727006772503955,0.016624078776934323,0.010229280474509389
5,96,0.5325715608418153,0.9988140888157296,0.9587710762862116,0.8661562753841281,0.8177490234375,0.8087858591461554,0.23974263815762242,0.016645805264952768,0.0164222946947453
6,96,0.5338159607684132,0.9989465750283129,0.943745223339647,0.8700442144181579,0.8294525146484375,0.8210649301763624,0.13906070309167262,0.008716350874626253,0.00809681349816087
7,96,0.6869805484248445,0.9988081543844698,0.9365897588431835,0.8903103426564485,0.8329658508300781,0.8247510527726263,0.3016979533058475,0.01589971418196004,0.018383448149193897
8,96,0.6523798924883356,0.9993021571575611,0.9452830703230575,0.8964664553059265,0.7876205444335938,0.7699877677425262,0.2356106903283827,0.008850579778338568,0.010049528534670544
9,96,0.6223004960224329,0.9994451550106834,0.9289124037604779,0.87127301748842,0.7457466125488281,0.7332423432962969,0.3148191360523924,0.010024436422285623,0.015010908378221879
10,96,0.647767284977638,0.9994252795977906,0.9285030872561038,0.8449399522505701,0.7288932800292969,0.7155601563863456,0.36766396219900344,0.01464028302075248,0.014363391370160652
11,96,0.728051868835285,0.9985029785428916,0.9176959949545562,0.8576441147597507,0.7640151977539062,0.7524093852844089,0.3728239820484305,0.010510309860213691,0.01528588435518316
12,96,0.601356152672834,0.9986803133844714,0.9575455518206581,0.9271652238676324,0.8352088928222656,0.8271044086432084,0.6753365522963577,0.0031605327133579874,0.0031392916658274186
13,96,0.6309691101932965,0.9997689530336987,0.9368694237200543,0.879099202749785,0.672637939453125,0.6565381608670577,0.6114113839284983,0.005039097479471427,0.0076876217610923475
14,96,0.6541734928875226,0.9995808135355669,0.9557703462196514,0.9132365135010332,0.7371673583984375,0.7242411579936743,0.4402906109462492,0.0027526866128002358,0.0029651112425951517
15,96,0.4185842154852504,0.9993319641902054,0.947411976987496,0.8630551865790039,0.7008819580078125,0.6861712268437259,0.6194592831598129,0.00639922711975426,0.008774573237387772
16,96,0.5290167246740265,0.9995741349679071,0.9541420293971896,0.8664660783251747,0.7352676391601562,0.7222480126074515,0.9657043988408986,0.0033202966090452517,0.004601224639512616
17,96,0.42838131619602116,0.9994386355571295,0.9343380875652656,0.8295478182262741,0.6982040405273438,0.6833616109215654,0.9769715894944966,0.006840768129814079,0.008631898122762502
18,96,0.44990949291813126,0.999344249340135,0.9576715723378584,0.8063929644995369,0.7019081115722656,0.6872478507575579,0.9358241551963147,0.005257185010209366,0.007312424588347428
19,96,0.49856328473520894,0.9993132498654537,0.947811308898963,0.7827712433645502,0.715972900390625,0.7020043480442837,0.6424646501545794,0.009387728919855525,0.011018893491632487
20,96,0.43246961901151515,0.9992358568519016,0.9442346283467487,0.7634332107845694,0.6806182861328125,0.66491098201368,0.7785538985044695,0.013929899089009126,0.02633198058930949
21,96,0.366607425153274,0.999067207738351,0.9467379455454648,0.8010362523491494,0.6860275268554688,0.6705862521775998,0.8394878211256582,0.00518451250951753,0.007187049119871301
22,96,0.31966499764426276,0.999431343904773,0.95270779018756,0.7751475323457271,0.6553535461425781,0.6384037166135386,0.9337293416028842,0.010885047949636566,0.016186036082851362
23,96,0.24860726329508873,0.9987118344629222,0.9583276306511834,0.7718964187661186,0.6602897644042969,0.6435826973174699,0.9524772204749752,0.012336856617542278,0.015347311074560707
24,96,0.26750567136282455,0.9990829456886791,0.9547639039810747,0.7382502163527533,0.6576385498046875,0.6408010965096764,1.032536055863602,0.01515363141289806,0.017514976739713212
25,96,0.2571215408009956,0.9986925110766095,0.9568148244870827,0.7313347820308991,0.6779747009277344,0.6621373864472844,1.391899368551094,0.01788106310281754,0.018686019230208132
26,96,0.2553863414051151,0.9994562653439854,0.9386175039689988,0.7519201213726774,0.6222000122070312,0.6036196793429554,1.2121452464780305,0.016000829315632594,0.01202447212564578
27,96,0.28095963490690956,0.998865994344448,0.934251177823171,0.719793897587806,0.6509742736816406,0.6338090670760721,1.1651421213755384,0.02596733476329306,0.02277438074879287
28,96,0.26571552489509404,0.9989118221695085,0.9401786903617904,0.791110162390396,0.7183494567871094,0.7044977846671827,1.0245131690753624,0.010203710942800934,0.0077854860058710635
29,96,0.24066408543677936,0.9990367178826131,0.9475214773556218,0.7467989334254526,0.6951675415039062,0.6801757759531029,1.3521358935686294,0.013528870527540504,0.008034535128810359
30,96,0.23562831848174817,0.9995152049005698,0.9116737254662439,0.7875369897810742,0.6367721557617188,0.6189084852812812,0.8421607213967945,0.019315224870961906,0.013230241975235162
31,96,0.40873152278262215,0.9987958770863266,0.9442371062468737,0.85770029341802,0.7846603393554688,0.7740698576672003,0.32458088851126377,0.003016465894698722,0.0019047880765130209
