layer,method,base_rank,residual_rank,route_scan_width,additional_routing_state,attention_mass_recall,nonsink_mass_recall,page_recall,routed_page_recall,page_kl,attention_rel_mse,post_wo_rel_mse
0,r16_only,0,16,16,16,0.6330657639191486,0.6329204982030205,0.7980804443359375,0.7881499718641862,0.1360081077182258,0.02372130939810007,0.006234382402185452
0,r20_only,0,20,20,20,0.6361886547529139,0.6360441467259079,0.8264999389648438,0.8179671433754265,0.09505893514869967,0.02329461815781501,0.006112005710838998
0,b4r16,4,16,20,16,0.642278020910453,0.6421365953283384,0.9574508666992188,0.9553582830121741,0.02077635652290155,0.02217162194328428,0.005759680031734566
0,b16_only,16,0,16,0,0.6394794795196503,0.639336884545628,0.9174652099609375,0.91340611432679,0.027186688933397818,0.024180665263582993,0.006476656241049686
0,b16r16,16,16,32,16,0.6424834904028103,0.6423423116211779,0.9682579040527344,0.9666968219680712,0.003262347564373158,0.02224188814983706,0.005769094580942671
0,r32_only,0,32,32,32,0.6398714477545582,0.6397269202279858,0.8842735290527344,0.8785820628982037,0.04778407253616024,0.022415803846790833,0.00590234797095673
0,exact_k,128,0,128,128,0.6428139010095038,0.6426727729267441,1.0,1.0,0.0,0.022284140328354716,0.005783011274035037
1,r16_only,0,16,16,16,0.9349697883008048,0.837685733451508,0.7194862365722656,0.6961966179791959,0.29792425726660554,0.01965285201221705,0.01829377500856942
1,r20_only,0,20,20,20,0.9361547335283831,0.8409779528155923,0.7569198608398438,0.7367381625358136,0.212774864916179,0.019182059869866645,0.01791249863140424
1,b4r16,4,16,20,16,0.938712335540913,0.8481221339898184,0.9013137817382812,0.8931203710456048,0.055128463825601486,0.017642291311461018,0.017080186309578888
1,b16_only,16,0,16,0,0.807895727630239,0.6995982814405579,0.8705101013183594,0.8597592221152398,2.2231165447381263,0.29295881766660975,0.22371632777903866
1,b16r16,16,16,32,16,0.9388312443625182,0.8484826273052022,0.9147567749023438,0.9076794646680354,0.04618175928537253,0.01763204979264134,0.01708658824589413
1,r32_only,0,32,32,32,0.9379194347420707,0.8458507405593991,0.8290252685546875,0.8148301126014803,0.10168293868510742,0.018025232248478556,0.017208067651309545
1,exact_k,128,0,128,128,0.9392795647727326,0.8493567347759381,1.0,1.0,0.0,0.017221515764364103,0.016804856591438763
2,r16_only,0,16,16,16,0.9664323744364083,0.8033773176139221,0.7416305541992188,0.7289238576777279,0.46002428885549307,0.031388833102381615,0.014401203560412749
2,r20_only,0,20,20,20,0.9676571488380432,0.8104986533289775,0.772125244140625,0.7609182831365615,0.35343587063835,0.026608874217077933,0.012308240909144154
2,b4r16,4,16,20,16,0.9685091433348134,0.8180772305931896,0.850860595703125,0.8435258663957939,0.17810247084707953,0.024829978613783547,0.011598710389651516
2,b16_only,16,0,16,0,0.9629849432967603,0.795390899758786,0.8050575256347656,0.7954701896524057,0.3612888025963912,0.06467040585702045,0.03008773569740169
2,b16r16,16,16,32,16,0.9688010255340487,0.8203736511059105,0.8639030456542969,0.8572097471915185,0.150113845935266,0.02388527022672923,0.01120751067567424
2,r32_only,0,32,32,32,0.969247174449265,0.8215839839540422,0.827606201171875,0.8191278144950047,0.1861884124664357,0.02237557320499384,0.010485938019537188
2,exact_k,128,0,128,128,0.9707515742629766,0.8326853885082528,1.0,1.0,0.0,0.01899493886374599,0.009171476629634003
3,r16_only,0,16,16,16,0.9578499072231352,0.833386272774078,0.7974624633789062,0.787501597777009,0.19976128652342595,0.01215263569592916,0.013884065129239738
3,r20_only,0,20,20,20,0.9587231632322073,0.837038827361539,0.8323822021484375,0.8241386986337602,0.13020862377015874,0.011525934136240583,0.013210256586481416
3,b4r16,4,16,20,16,0.95979607058689,0.8412671490805224,0.9060096740722656,0.9013871985953301,0.03699071464507142,0.010845043085490117,0.012315433586171397
3,b16_only,16,0,16,0,0.9580667035188526,0.834868625504896,0.8448524475097656,0.8372222345788032,0.11067197845841292,0.012763237445620745,0.014698093871021532
3,b16r16,16,16,32,16,0.9598945914767683,0.8416650400031358,0.9153633117675781,0.9112008477095515,0.030024096158740576,0.010766433779353194,0.01223142780230213
3,r32_only,0,32,32,32,0.9596306824823841,0.8406626334181055,0.8831291198730469,0.8773813706357032,0.05860398247750709,0.010951300233504815,0.012457381145535337
3,exact_k,128,0,128,128,0.9603481154190376,0.8434129075612873,1.0,1.0,0.0,0.010497119647350627,0.011828612506701738
4,r16_only,0,16,16,16,0.9567310061538592,0.8504081272985786,0.7366600036621094,0.7237088506808504,0.33223692594037857,0.017579776698008864,0.01058817826768745
4,r20_only,0,20,20,20,0.9577723920810968,0.8539938145549968,0.7723312377929688,0.7611344095785171,0.2442367601324804,0.01613493868439335,0.009987294822193508
4,b4r16,4,16,20,16,0.9598647047532722,0.8610426968662068,0.8860893249511719,0.8804871613392606,0.05616805373210809,0.01361539431936484,0.009096903499713292
4,b16_only,16,0,16,0,0.9577290661400184,0.854995284229517,0.8329048156738281,0.8246870147995651,0.1291905933248927,0.018223479302750364,0.010920523451798992
4,b16r16,16,16,32,16,0.960227660369128,0.8619379791198298,0.9004898071289062,0.8955958632286638,0.04116208548293798,0.01293545689302921,0.008966743994461752
4,r32_only,0,32,32,32,0.9593608579598367,0.8591111185960472,0.8352775573730469,0.8271764500532299,0.12039338395697996,0.013974173900850553,0.009214928402389052
4,exact_k,128,0,128,128,0.9609886922407895,0.8641857896000147,1.0,1.0,0.0,0.01214685698819002,0.008670050121010452
5,r16_only,0,16,16,16,0.9581784502370283,0.8644907874986529,0.73876953125,0.7259221272543073,0.4096505372435786,0.010694082205564701,0.009488755305050322
5,r20_only,0,20,20,20,0.9602622953243554,0.8714180635288358,0.7700843811035156,0.7587770512327552,0.3086370264063589,0.008290938785793869,0.007215967682641396
5,b4r16,4,16,20,16,0.9631660699378699,0.8806441815104336,0.8559722900390625,0.8488889567088336,0.13505134123988682,0.006649470452939207,0.005607191641755937
5,b16_only,16,0,16,0,0.9581741013098508,0.8644434905145317,0.8023719787597656,0.7926525650545955,0.2650383358995896,0.016239846223317665,0.015929793217145185
5,b16r16,16,16,32,16,0.9640446871053427,0.8840073989704251,0.8746261596679688,0.8684602313442156,0.09612081803061301,0.005993410048216502,0.004971094288907174
5,r32_only,0,32,32,32,0.9636340264696628,0.8837676018010825,0.8346099853515625,0.8264760472811759,0.14784208791388664,0.00621940138470069,0.005084670559267721
5,exact_k,128,0,128,128,0.9660601756768301,0.8917830458376557,1.0,1.0,0.0,0.005151183841979756,0.00421273604765227
6,r16_only,0,16,16,16,0.9410738834412768,0.8638529342715628,0.7216682434082031,0.7079797917976975,0.3982290157000534,0.009839369750343465,0.009125435983937832
6,r20_only,0,20,20,20,0.9426874506752938,0.8676110507221892,0.7578697204589844,0.7459616689011455,0.2869077837385703,0.009094730698105971,0.008409820410977289
6,b4r16,4,16,20,16,0.946092379046604,0.8753336747176945,0.8642463684082031,0.8575699592474848,0.08188512314518448,0.007771298442656058,0.0071417477239936996
6,b16_only,16,0,16,0,0.9430656927870587,0.8687696983106434,0.8147544860839844,0.8056440455839038,0.163990315340925,0.009085150125526024,0.008473439986100279
6,b16r16,16,16,32,16,0.9463906504679471,0.8759942951146513,0.8771705627441406,0.8711297682020813,0.06548531480802922,0.0076467514740657105,0.007008682560369152
6,r32_only,0,32,32,32,0.9452289341716096,0.8731670322595164,0.8220443725585938,0.8132924510864541,0.14732986994204111,0.0080748428543502,0.007440065093129622
6,exact_k,128,0,128,128,0.9479786726878956,0.8794102424290031,1.0,1.0,0.0,0.007064077711376371,0.006430523681422033
7,r16_only,0,16,16,16,0.9351190008455887,0.889193217153661,0.7369346618652344,0.7239970163209364,0.38401442079339176,0.017534119641524324,0.019712399982756503
7,r20_only,0,20,20,20,0.9369303153362125,0.8925520461052656,0.7689666748046875,0.7576043751323596,0.28710196376778185,0.016581579118335122,0.01879427125770778
7,b4r16,4,16,20,16,0.9406734665390104,0.8994202351896092,0.8645172119140625,0.857854122412391,0.10177267791732447,0.014357384993412178,0.016386423440784052
7,b16_only,16,0,16,0,0.9350356144132093,0.8876329611521214,0.8072280883789062,0.7977474995423108,0.35139583929412765,0.017270267905211457,0.01978452513054471
7,b16r16,16,16,32,16,0.9413307192735374,0.9005821563769132,0.8830528259277344,0.8773013239260763,0.07383354856574442,0.013989381206476515,0.016005625865001566
7,r32_only,0,32,32,32,0.9397413631668314,0.8976432930212468,0.82708740234375,0.818583500222303,0.15156856991234235,0.014722780207596941,0.016635110125690727
7,exact_k,128,0,128,128,0.9430968026863411,0.9036900866776705,1.0,1.0,0.0,0.0129213096156685,0.014892074092542583
8,r16_only,0,16,16,16,0.9412506509106606,0.8889588589081541,0.7054443359375,0.6809888912304756,0.4426711311173295,0.012790179536912416,0.014014274061964925
8,r20_only,0,20,20,20,0.9438654972473159,0.8939832602627575,0.7417945861816406,0.7203571146293994,0.3319168970769932,0.010991159296270318,0.011830964607958348
8,b4r16,4,16,20,16,0.9480926201213151,0.9021907810820267,0.8318824768066406,0.817924541210936,0.1451906315726979,0.008292475069998362,0.009040840752060296
8,b16_only,16,0,16,0,0.9430538220331073,0.8921979288570583,0.7572746276855469,0.7371223844107121,0.30766877132437886,0.010238212558952077,0.011217886597971223
8,b16r16,16,16,32,16,0.9491663487860933,0.9043574871029705,0.8526649475097656,0.840432473248051,0.10326126386832084,0.007707291482123488,0.008623515945464167
8,r32_only,0,32,32,32,0.9475742455106229,0.9011742111761123,0.80712890625,0.791115809352167,0.1773674916100478,0.008502250356882068,0.009219417860929158
8,exact_k,128,0,128,128,0.951750781852752,0.9098265217617154,1.0,1.0,0.0,0.006777211591514214,0.008076684639201883
9,r16_only,0,16,16,16,0.9281374365091324,0.8702759995358065,0.67657470703125,0.6606685410370119,0.46304375323234126,0.010793341101024005,0.016069189709644396
9,r20_only,0,20,20,20,0.9312540609389544,0.8756590868579224,0.7153701782226562,0.7013719821698032,0.3455514480883721,0.009422978908088379,0.014177653260112529
9,b4r16,4,16,20,16,0.9355550931068137,0.8833841995801777,0.8179054260253906,0.8089499539928511,0.13367668162391055,0.008004294430326927,0.012123330066406911
9,b16_only,16,0,16,0,0.9267214713618159,0.8676802990958095,0.7199630737304688,0.7061907607130706,0.3761457289510872,0.01101234550492527,0.016306446208450127
9,b16r16,16,16,32,16,0.9364373935386539,0.8848901214078069,0.8380012512207031,0.8300340976566076,0.10163491071580211,0.0076793393343978595,0.011702959311856595
9,r32_only,0,32,32,32,0.9354462391929701,0.8829392157495022,0.7918663024902344,0.7816302153514698,0.16982926275522914,0.008009591247138367,0.012150689562584152
9,exact_k,128,0,128,128,0.9392079035751522,0.8895818906603381,1.0,1.0,0.0,0.006966459419474737,0.0107845075084063
10,r16_only,0,16,16,16,0.9260016118641943,0.8404153801966459,0.6258544921875,0.6074538874672726,0.6360320012900047,0.017765343716665122,0.01735744661978966
10,r20_only,0,20,20,20,0.9295554134296253,0.8475084920646623,0.6649971008300781,0.648521545517724,0.49379974335897714,0.015486591564881518,0.014678103097009239
10,b4r16,4,16,20,16,0.9343563469592482,0.857610484585166,0.77886962890625,0.7679943613475189,0.20348801076761447,0.01312420020320898,0.012379233161826562
10,b16_only,16,0,16,0,0.9246745411073789,0.8372477273223922,0.6859931945800781,0.6705502318800427,0.4754635645658709,0.017861761829752312,0.018114646223394922
10,b16r16,16,16,32,16,0.935741183348,0.8607320706360042,0.80609130859375,0.796554813045077,0.14790118047676515,0.012348603669790662,0.0118453572000593
10,r32_only,0,32,32,32,0.9342207699082792,0.8572028313064948,0.7399864196777344,0.7271988635184243,0.2716466191341169,0.013112042941433363,0.012345791908031423
10,exact_k,128,0,128,128,0.9396837571403012,0.8690881641814485,1.0,1.0,0.0,0.010633135527386473,0.010191282535014758
11,r16_only,0,16,16,16,0.9203775078058243,0.8626542318961583,0.679046630859375,0.6632620358723216,0.4369150086422451,0.010568709166289129,0.014694839687357986
11,r20_only,0,20,20,20,0.9232056392356753,0.8672386865364388,0.7174873352050781,0.7035932645667344,0.32471259430167265,0.009740150012143818,0.013606092569434588
11,b4r16,4,16,20,16,0.9269884402165189,0.8735214449698105,0.811492919921875,0.8022220762213692,0.14194806970772333,0.008615253150706836,0.012005718573649609
11,b16_only,16,0,16,0,0.9148640447529033,0.852979575865902,0.7217788696289062,0.7080958589212969,0.45882019818236586,0.011489652108506762,0.016596959217768128
11,b16r16,16,16,32,16,0.9280452069360763,0.8752470997860655,0.8357048034667969,0.8276247103931382,0.10396924363885773,0.008303588846483974,0.011648047014682463
11,r32_only,0,32,32,32,0.9269606777234003,0.8733854932943359,0.7880859375,0.7776639305520803,0.16012890634010546,0.008569181142228377,0.01200657056046478
11,exact_k,128,0,128,128,0.9310924296732992,0.8804181499872357,1.0,1.0,0.0,0.007497243437319818,0.010538326297185423
12,r16_only,0,16,16,16,0.9665380410151556,0.9435657251160592,0.7807693481445312,0.7699875067919493,0.3150999755016528,0.0025118869397022557,0.002675799540180549
12,r20_only,0,20,20,20,0.9679106156108901,0.9459181284764782,0.8163528442382812,0.8073210152797401,0.20720814069500193,0.0023217166469777614,0.0024608985088127693
12,b4r16,4,16,20,16,0.9698356360895559,0.9490859053330496,0.8870964050292969,0.8815437683369964,0.1010047433010186,0.0019522058572772091,0.001988057653454149
12,b16_only,16,0,16,0,0.9569903090596199,0.926325638894923,0.8208541870117188,0.8120437324978411,0.6931831869442249,0.0032933801926174513,0.0033226616892350655
12,b16r16,16,16,32,16,0.9701668791240081,0.9495978192426264,0.9014854431152344,0.8966404616367072,0.0768703888716118,0.001912304815573746,0.0019436068701154166
12,r32_only,0,32,32,32,0.9696973176905885,0.948836965369992,0.8726844787597656,0.8664230566937476,0.09109426914073993,0.001986141835397851,0.002033117878446219
12,exact_k,128,0,128,128,0.9710123734548688,0.9509858674136922,1.0,1.0,0.0,0.001786989319959292,0.0018036802153642696
13,r16_only,0,16,16,16,0.9400922745699063,0.8890802629757673,0.6265296936035156,0.6081622950732708,0.6508697861572728,0.004860877115231913,0.007008367061711462
13,r20_only,0,20,20,20,0.9450842994265258,0.8975631092907861,0.6755599975585938,0.6596039248397574,0.4637592284998391,0.004048341309715095,0.005867564424897447
13,b4r16,4,16,20,16,0.9503215531585738,0.9065298505593091,0.7846908569335938,0.774101878865622,0.18958066731283907,0.003292668465095443,0.004742709560773733
13,b16_only,16,0,16,0,0.9324175929650664,0.871968416380696,0.62518310546875,0.6067494824528694,0.752969258261146,0.005958307067718606,0.008804000476624448
13,b16r16,16,16,32,16,0.9514418334001675,0.908394516678527,0.8099861145019531,0.8006411646492779,0.1469889540821896,0.0031187654089870945,0.0045211695820773935
13,r32_only,0,32,32,32,0.9508791132830083,0.9074359693331644,0.7723960876464844,0.7612024482805282,0.1972474669892108,0.0032455234411987327,0.00469183241177013
13,exact_k,128,0,128,128,0.9546667389804497,0.9143144632689655,1.0,1.0,0.0,0.0027490592706509954,0.0039655772537009
14,r16_only,0,16,16,16,0.954229446942918,0.9107385972747579,0.65948486328125,0.6427382127731107,0.6280604915227741,0.0034138915290891176,0.0036549948528617083
14,r20_only,0,20,20,20,0.9578431443078443,0.9169708957197145,0.7026901245117188,0.6880683233612217,0.4541776166006457,0.002841704603743745,0.002999825267634987
14,b4r16,4,16,20,16,0.9615033152513206,0.9235833908896893,0.7963218688964844,0.7863049072911963,0.20103280841431115,0.0023264658205793456,0.0024267997113971112
14,b16_only,16,0,16,0,0.9522644598037004,0.9063214655034244,0.6823234558105469,0.6667000165907666,0.5940623806382064,0.0035154608610084345,0.00381126281046669
14,b16r16,16,16,32,16,0.9626492848619819,0.9259589954745024,0.82476806640625,0.8161500996211544,0.1406093121986487,0.0021135636511547045,0.002203825983386674
14,r32_only,0,32,32,32,0.9621450568083674,0.9248318998143077,0.7885589599609375,0.7781602141913027,0.21025147101317998,0.0022167296367197557,0.00230477168311574
14,exact_k,128,0,128,128,0.9650411661714315,0.9306548486929387,1.0,1.0,0.0,0.00184345303183672,0.0019329349628645525
15,r16_only,0,16,16,16,0.9506943651940674,0.8741633368190378,0.6444587707519531,0.6269731300417334,0.6885236677480862,0.005078206323408983,0.006785619756982146
15,r20_only,0,20,20,20,0.9536603051237762,0.8814542555483058,0.683074951171875,0.6674884692765772,0.532016248034779,0.004300152026693593,0.005685796029084251
15,b4r16,4,16,20,16,0.9570382887031883,0.8892934179166332,0.7966270446777344,0.7866250926163048,0.21603409411909524,0.003714419708432523,0.0048352791803065
15,b16_only,16,0,16,0,0.9461047122022137,0.8598795930156484,0.68609619140625,0.6706582946353592,0.6656933405902237,0.007545087120476243,0.01074555574854699
15,b16r16,16,16,32,16,0.9575853366404772,0.8908438797807321,0.8126716613769531,0.803458790644072,0.18132606967992615,0.0035872388694800795,0.00464496815505534
15,r32_only,0,32,32,32,0.9575665846932679,0.8916881581535563,0.7609481811523438,0.7491915307473391,0.27956752199679613,0.0035274215486912606,0.004552967569089927
15,exact_k,128,0,128,128,0.9606552564073354,0.9004311450989917,1.0,1.0,0.0,0.0029995121217369683,0.0038134553669090616
16,r16_only,0,16,16,16,0.9617625132668763,0.8926707771606743,0.6801795959472656,0.6644507195451297,0.6034058852819726,0.003145141091751018,0.004399845237607892
16,r20_only,0,20,20,20,0.96442611515522,0.8996540895896032,0.721282958984375,0.7075755579862744,0.439544180437224,0.0026242191479660107,0.003795173706439481
16,b4r16,4,16,20,16,0.9674730576807633,0.9074698651675135,0.8210563659667969,0.8122558563482016,0.19157742570678238,0.002178835787975782,0.0032804910885736844
16,b16_only,16,0,16,0,0.9524515811353922,0.8620427202549763,0.710723876953125,0.696497177996207,1.0326377497403882,0.003744694653177872,0.00515349560864523
16,b16r16,16,16,32,16,0.9681473927339539,0.909655368886888,0.8416938781738281,0.8339083299506456,0.15104293322656304,0.0020241987927516014,0.00305328060856139
16,r32_only,0,32,32,32,0.9679868201492354,0.9095858222572133,0.80670166015625,0.7971951814834028,0.20531105955888052,0.002047356273992664,0.00306952979426752
16,exact_k,128,0,128,128,0.970120164565742,0.91576388978865,1.0,1.0,0.0,0.001784835215695691,0.0027139958269040477
17,r16_only,0,16,16,16,0.9452665999997407,0.8677293709479272,0.6837844848632812,0.6682328970055096,0.5299321147613227,0.005331012205854698,0.006722040702468776
17,r20_only,0,20,20,20,0.9478799533098936,0.8733577000675723,0.7186470031738281,0.7048099696403369,0.39684401426347904,0.004602985000618334,0.0058195214282041495
17,b4r16,4,16,20,16,0.9511560356477275,0.881232944317162,0.8117103576660156,0.8024502085754648,0.18641655379906297,0.004056715009150995,0.0051713292089124565
17,b16_only,16,0,16,0,0.9331673362758011,0.8271447793813422,0.6835441589355469,0.6679807535838336,1.0099323202157393,0.007381061605172867,0.009191358344456883
17,b16r16,16,16,32,16,0.9516578757902607,0.8822799785993993,0.8242835998535156,0.8156418055295944,0.16047642783087213,0.00395582381935676,0.0050463327556446854
17,r32_only,0,32,32,32,0.9514032445149496,0.8816853071330115,0.7996330261230469,0.7897789084818214,0.17785415929392911,0.0039507577238057446,0.005076768263632347
17,exact_k,128,0,128,128,0.9543367316946387,0.888545372756198,1.0,1.0,0.0,0.003496917079549837,0.004506686121365219
18,r16_only,0,16,16,16,0.9647771490272135,0.8507218796294183,0.684051513671875,0.668513058568351,0.44456860443460755,0.004987184403320165,0.006816148333507979
18,r20_only,0,20,20,20,0.9667138335062191,0.8574600876308978,0.7237091064453125,0.7101210254477337,0.3236259406839963,0.004388412158023415,0.006183210068014948
18,b4r16,4,16,20,16,0.9691024451749399,0.8665136804338545,0.811737060546875,0.8024782218271866,0.16170838568359613,0.0036807917300175235,0.005259176356856918
18,b16_only,16,0,16,0,0.9568035765551031,0.8037191831390373,0.6837005615234375,0.6681448449380696,0.9712706820573658,0.005692103069188364,0.007754171504544515
18,b16r16,16,16,32,16,0.9695098197553307,0.8677923955256119,0.827392578125,0.8189036863623187,0.1345212072628783,0.0035615794570104196,0.0051337982838911694
18,r32_only,0,32,32,32,0.9692202985752374,0.8667069639777765,0.8014259338378906,0.7916599912568927,0.1483269764430588,0.0036010895440382906,0.005248452186568641
18,exact_k,128,0,128,128,0.971027368796058,0.8738825711188838,1.0,1.0,0.0,0.0031825794590209754,0.004675839845069033
19,r16_only,0,16,16,16,0.9513513236306608,0.8084830888547003,0.6919403076171875,0.6767898250836879,0.4041088633239269,0.009313964674046852,0.010689021298512163
19,r20_only,0,20,20,20,0.9531897510169074,0.8146297527709976,0.7279815673828125,0.7146036067279056,0.3028828516835347,0.008407689039312381,0.009856518116561854
19,b4r16,4,16,20,16,0.9557162225246429,0.8230850626714528,0.8118896484375,0.8026383158285171,0.152667052927427,0.007300452575859072,0.008702034642984195
19,b16_only,16,0,16,0,0.9463984151370823,0.7786874935263768,0.6935882568359375,0.6785188201465644,0.6892756478337105,0.01052272271584709,0.01209582182147562
19,b16r16,16,16,32,16,0.9563678324921057,0.8250281739747152,0.8299407958984375,0.8215772246476263,0.12596511833544355,0.0069356636118757505,0.008402397272792735
19,r32_only,0,32,32,32,0.9559530654223636,0.8236691303318366,0.7996788024902344,0.7898269374854863,0.14660199492936954,0.0071300610362838865,0.008606130051046568
19,exact_k,128,0,128,128,0.958477774169296,0.832101188134402,1.0,1.0,0.0,0.006090458651435865,0.007644642875885112
20,r16_only,0,16,16,16,0.9513737396337092,0.8057516734697856,0.6629676818847656,0.6463923170813359,0.4903423137147911,0.008772633392362094,0.021468260787097636
20,r20_only,0,20,20,20,0.9536949023604393,0.8129909283015877,0.6989898681640625,0.6841860867571086,0.37216998790972866,0.007666669496024199,0.01997732842741512
20,b4r16,4,16,20,16,0.9570403607795015,0.8243244562763721,0.799224853515625,0.7893506633117795,0.16973174206214026,0.006446712862051195,0.018164441644711208
20,b16_only,16,0,16,0,0.9428562069078907,0.759751932520885,0.6592864990234375,0.6425300911068916,0.8241878028493375,0.015113679830469635,0.02756822137964621
20,b16r16,16,16,32,16,0.9576443893602118,0.8261065913829952,0.8158416748046875,0.8067847051424906,0.14088926538533997,0.006102673630123878,0.017705471788297723
20,r32_only,0,32,32,32,0.9570670702960342,0.8238376685185358,0.7760696411132812,0.7650566679658368,0.1838903614116134,0.00612231789643057,0.018036857591295436
20,exact_k,128,0,128,128,0.9598645649384707,0.8336591083789244,1.0,1.0,0.0,0.005224605010261967,0.01674223278461018
21,r16_only,0,16,16,16,0.9528571050614119,0.8367621843935922,0.6679534912109375,0.6516233284492046,0.4921120685758069,0.004655974860658611,0.006114107093741519
21,r20_only,0,20,20,20,0.9549417454982176,0.8429022508207709,0.7078056335449219,0.6934354138211347,0.3595716596755665,0.00403586960908231,0.005330466726441517
21,b4r16,4,16,20,16,0.9579290908295661,0.8513578509446234,0.8016281127929688,0.7918721155729145,0.16481510125595378,0.0032766416200345943,0.00457890716349195
21,b16_only,16,0,16,0,0.9459606250748038,0.7991759944707155,0.6726646423339844,0.656566176621709,0.8802600284398068,0.006023346369493882,0.008264935755113409
21,b16r16,16,16,32,16,0.9582494269125164,0.8522952448111027,0.8157005310058594,0.8066366191487759,0.1392148897793959,0.0032396557624292752,0.004545458914911699
21,r32_only,0,32,32,32,0.9580257983179763,0.8518432461423799,0.7876625061035156,0.7772196753649041,0.17230294247565325,0.0033113841434777736,0.004563869016060735
21,exact_k,128,0,128,128,0.9606331108370796,0.859656022512354,1.0,1.0,0.0,0.0027924515930874737,0.003956630193270239
22,r16_only,0,16,16,16,0.9625476892106235,0.8331330704968423,0.6940536499023438,0.6790071044815704,0.4110434380127117,0.006856266028821785,0.011093399738493867
22,r20_only,0,20,20,20,0.9647453987272456,0.8406798373907804,0.7344551086425781,0.721395518979989,0.2957060007029213,0.004857487443969707,0.008759641355854393
22,b4r16,4,16,20,16,0.9667462944053113,0.8486821427941322,0.811279296875,0.8019979459932074,0.16255385828844737,0.004226690127816205,0.007865632149799072
22,b16_only,16,0,16,0,0.9524796800687909,0.774089885642752,0.6478805541992188,0.6305631994619034,0.9543517624842934,0.011170598474176655,0.016340874153146445
22,b16r16,16,16,32,16,0.9670869741821662,0.8498820462264121,0.8228034973144531,0.8140889087226242,0.13982009713799926,0.0040608736732622094,0.007681616772114002
22,r32_only,0,32,32,32,0.9674392597516999,0.8506033985177055,0.8116798400878906,0.8024181912187487,0.1302250547305448,0.003761001263531164,0.007399458603577599
22,exact_k,128,0,128,128,0.9692083632107824,0.8576707056490704,1.0,1.0,0.0,0.0032559106382984457,0.006664843984036134
23,r16_only,0,16,16,16,0.9673877856694162,0.8322232461068779,0.6887130737304688,0.6734038760187104,0.39948959031607956,0.007433361040439863,0.01058995533392858
23,r20_only,0,20,20,20,0.9689314049901441,0.839003941626288,0.7282638549804688,0.7148997762706131,0.2901464265305549,0.0063491017422023,0.009455138349321228
23,b4r16,4,16,20,16,0.9709601723589003,0.8480192888528109,0.8126869201660156,0.8034747993806377,0.15404463317827322,0.005213584303450735,0.008132027969910591
23,b16_only,16,0,16,0,0.9580278375651687,0.7707554257940501,0.6544609069824219,0.6374671750236303,0.9640562351851258,0.012881855963157987,0.015863124961295685
23,b16r16,16,16,32,16,0.9710638070246205,0.8485294407000765,0.8192253112792969,0.810334748821333,0.14283619202615228,0.00511342388326305,0.008017928844877016
23,r32_only,0,32,32,32,0.9713193841744214,0.8490663273259997,0.8060455322265625,0.7965067835757509,0.13294023521302734,0.004920197010221895,0.007892269427435292
23,exact_k,128,0,128,128,0.9729250728851184,0.856507430667989,1.0,1.0,0.0,0.004220122109940324,0.007075963655715136
24,r16_only,0,16,16,16,0.9660743704298511,0.8203896506456658,0.7012977600097656,0.6866074800491333,0.3703344782697968,0.009087888354405585,0.010110522190560297
24,r20_only,0,20,20,20,0.9679372892715037,0.8279728281777352,0.742431640625,0.7297643391648307,0.262695218261797,0.006343754034200374,0.0072496944032766734
24,b4r16,4,16,20,16,0.9697787474142388,0.8360621676547453,0.8194961547851562,0.8106189123354852,0.14581580372760072,0.005244295385822696,0.006040895640551341
24,b16_only,16,0,16,0,0.9548015345353633,0.7374785154825076,0.6533126831054688,0.6362624818575568,1.055203112453455,0.01582594141063624,0.018123251402299968
24,b16r16,16,16,32,16,0.9700117250904441,0.8370123602217063,0.8298835754394531,0.8215171889169142,0.13124948862969177,0.005088870830848802,0.005876125908693621
24,r32_only,0,32,32,32,0.9703156894538552,0.8377949891146272,0.8164939880371094,0.807469098130241,0.11728203951497562,0.004952470699525705,0.005765654254840153
24,exact_k,128,0,128,128,0.9718740057433024,0.8448756451252848,1.0,1.0,0.0,0.0040953276259435185,0.0047380616206892
25,r16_only,0,16,16,16,0.9695764227071777,0.8352733146166429,0.7058219909667969,0.6913542152615264,0.36051760098780505,0.009052177465706367,0.00936412348373011
25,r20_only,0,20,20,20,0.9710472122533247,0.84196690924,0.7448692321777344,0.7323218117235228,0.25630374340107664,0.007195688847940489,0.007533412774145735
25,b4r16,4,16,20,16,0.9724996973527595,0.8491520119132474,0.81781005859375,0.8088498937431723,0.16142895056691486,0.006063188479882634,0.006372299246500605
25,b16_only,16,0,16,0,0.9569025589153171,0.731298467842862,0.6729507446289062,0.656866351433564,1.400592916936148,0.017485404011370182,0.01826839735626976
25,b16r16,16,16,32,16,0.9726300511974841,0.8498078736010939,0.8258705139160156,0.8173067653551698,0.1503595849935664,0.005978566013764085,0.0062916369797671465
25,r32_only,0,32,32,32,0.9731962090590969,0.8519601653097197,0.8247032165527344,0.8160820595221594,0.10954701485752594,0.005548784400740098,0.005840057882601171
25,exact_k,128,0,128,128,0.974703986896202,0.8589307360816747,1.0,1.0,0.0,0.004655510443176677,0.004944489984025383
26,r16_only,0,16,16,16,0.9563244410092011,0.83369329595007,0.6952095031738281,0.6802198014920577,0.44884167064446956,0.008425100644544188,0.006222518419082508
26,r20_only,0,20,20,20,0.9583360238466412,0.8397744399262592,0.7300491333007812,0.7167728546774015,0.3314919864933472,0.006791616039943537,0.005032374196607242
26,b4r16,4,16,20,16,0.9604217208689079,0.8468382946448401,0.7947616577148438,0.7846679642098024,0.20084129224414937,0.005868035236573331,0.0043359754180827825
26,b16_only,16,0,16,0,0.9381546375807375,0.7508728466345929,0.6171760559082031,0.5983486436889507,1.2299268862698227,0.023000533582797935,0.016411495781309297
26,b16r16,16,16,32,16,0.9607764221727848,0.8479825932299718,0.8048553466796875,0.7952580638229847,0.18404272914631292,0.005633494132710823,0.004164234052797526
26,r32_only,0,32,32,32,0.9613541074795648,0.8495619259774685,0.8046722412109375,0.7950659525813535,0.15165309954318218,0.005323950837459176,0.003923255952087812
26,exact_k,128,0,128,128,0.9636878018500283,0.8572770449100062,1.0,1.0,0.0,0.004414873498558648,0.0032227932774900976
27,r16_only,0,16,16,16,0.9515511294594035,0.8121611803071573,0.7031898498535156,0.6885926248505712,0.3646669950976502,0.012941849671958907,0.012274509169630942
27,r20_only,0,20,20,20,0.9536911556497216,0.8189294838812202,0.7415809631347656,0.7288718256168067,0.2684317215462215,0.010933246034806348,0.010513190675195008
27,b4r16,4,16,20,16,0.956294905510731,0.8268351233564317,0.8111915588378906,0.8019058941863477,0.15955599953304045,0.00903103446746862,0.008859052099635478
27,b16_only,16,0,16,0,0.9341660931240767,0.7193660646444187,0.6458396911621094,0.6284219659864902,1.1809408071567304,0.02507578016399873,0.0227664415966102
27,b16r16,16,16,32,16,0.9566914591705427,0.8280340066412464,0.8206825256347656,0.8118636301951483,0.14425779893645085,0.008671587138549222,0.008582511364821866
27,r32_only,0,32,32,32,0.957138859317638,0.8291323395678774,0.8129844665527344,0.8037869774270803,0.1251699462882243,0.008370924769359219,0.008363822001300347
27,exact_k,128,0,128,128,0.9595580179011449,0.8370976086007431,1.0,1.0,0.0,0.007031870290096692,0.007096706417409957
28,r16_only,0,16,16,16,0.951487893704325,0.8497699454892427,0.7145881652832031,0.7005515116034076,0.44430476290290244,0.007492830399373889,0.005716713017473991
28,r20_only,0,20,20,20,0.9537762800464407,0.8559797458583489,0.7481193542480469,0.7357317769201472,0.334767197171459,0.00656231952563163,0.004955394930231103
28,b4r16,4,16,20,16,0.9571295462083071,0.8649952500127256,0.8281059265136719,0.8196521161589772,0.17163172810978722,0.005543021726646187,0.00416673137990215
28,b16_only,16,0,16,0,0.9398357030004263,0.7902267369790934,0.7138519287109375,0.6997790667228401,1.0378062423405936,0.010259223838600043,0.007899704376467684
28,b16r16,16,16,32,16,0.9572992232860997,0.8655854885000736,0.8349876403808594,0.8268722753273323,0.1594711514917435,0.0054828292616046605,0.0041054060308884895
28,r32_only,0,32,32,32,0.9572139671072364,0.8651031656190753,0.8121490478515625,0.8029104707529768,0.16848521269275807,0.005517388157353673,0.004139963914554879
28,exact_k,128,0,128,128,0.9600125693250448,0.8730079449014738,1.0,1.0,0.0,0.00476045823864451,0.003525225187993818
29,r16_only,0,16,16,16,0.9629654991440475,0.8411518312059343,0.73638916015625,0.7234246868174523,0.3304856682661921,0.0073207211500594845,0.004169815304533401
29,r20_only,0,20,20,20,0.9645414350088686,0.8464117080438882,0.7702827453613281,0.7589851694647223,0.2402737796655856,0.00648788344440136,0.0036577913196635765
29,b4r16,4,16,20,16,0.9662780514918268,0.8524207473965362,0.8318023681640625,0.8235303502297029,0.1579852258291794,0.005683723769208929,0.0031730055011059063
29,b16_only,16,0,16,0,0.9472873951308429,0.745948668802157,0.6904220581054688,0.675196907541249,1.363555935851764,0.013861540694717395,0.008349143751374336
29,b16r16,16,16,32,16,0.9664975281339139,0.8531221145531163,0.8384666442871094,0.8305223780917004,0.14601894994848408,0.005570173830147241,0.003120470798879182
29,r32_only,0,32,32,32,0.9668553654337302,0.8538603539345786,0.8335456848144531,0.82535940350499,0.11445238650776446,0.005451838207560488,0.003031512627649409
29,exact_k,128,0,128,128,0.9686571208294481,0.8599846856668591,1.0,1.0,0.0,0.004716628682996317,0.0025873520779047467
30,r16_only,0,16,16,16,0.9275301356101409,0.8299702710937709,0.6730194091796875,0.6569383897585794,0.5232546449988149,0.009031119103781036,0.005715962615969179
30,r20_only,0,20,20,20,0.9313392861513421,0.8379482440650463,0.7082328796386719,0.6938836707849987,0.4017184744006954,0.007662011039754207,0.004861088756390361
30,b4r16,4,16,20,16,0.9360471034888178,0.8480899592395872,0.7933616638183594,0.7831991192651913,0.20791234908392653,0.006359350718554226,0.0040192399915796664
30,b16_only,16,0,16,0,0.9110413353191689,0.7864587445510551,0.6323013305664062,0.6142177818692289,0.8556415437196847,0.02044460006101073,0.013948852051847888
30,b16r16,16,16,32,16,0.9363518091849983,0.8486495738616213,0.7995071411132812,0.7896468327380717,0.19673014593718108,0.0062623991323600215,0.003943813891008865
30,r32_only,0,32,32,32,0.9366697135847062,0.8492431037593633,0.7806739807128906,0.76988745178096,0.20741772979090456,0.006264769434365122,0.003966347518747456
30,exact_k,128,0,128,128,0.9414019209798425,0.859600872034207,1.0,1.0,0.0,0.005144194579097544,0.0032304315471776658
31,r16_only,0,16,16,16,0.9458497386658564,0.8625297120306641,0.7158966064453125,0.7019243041286245,0.48490613140165806,0.002432347104404995,0.0012244239589549268
31,r20_only,0,20,20,20,0.9477045093663037,0.8669637436978519,0.74713134765625,0.734695179387927,0.37544964175322093,0.0022242983935136,0.0011220388139704944
31,b4r16,4,16,20,16,0.9511016021715477,0.8749689575051889,0.8497428894042969,0.8423531909938902,0.13140789763565408,0.0019200147354575853,0.0009955345865296846
31,b16_only,16,0,16,0,0.9438075196230784,0.8567364106420428,0.7761001586914062,0.765088684624061,0.3456114554719534,0.0030981993483113223,0.0019464234376875608
31,b16r16,16,16,32,16,0.9513265842106193,0.8755675334250554,0.8601303100585938,0.8532514707185328,0.11271287780255079,0.0018919363276433275,0.0009747326640559173
31,r32_only,0,32,32,32,0.9505076792556792,0.873455636203289,0.8122596740722656,0.8030265404377133,0.19776894547976553,0.001988411268714246,0.0010010857447771177
31,exact_k,128,0,128,128,0.9533595128450543,0.880314901471138,1.0,1.0,0.0,0.001748662818780119,0.000873633834324111
